[2025-09-09T09:05:25.789792+00:00] main.INFO: Source table payment_services_order_status_data_production_submitted_hash does not exist. Skipping data migration... [] []
[2025-09-09T09:09:18.850271+00:00] main.INFO: Broken reference: the 'catalog.compare.sidebar' element cannot be added as child to 'sidebar.additional', because the latter doesn't exist [] []
[2025-09-09T09:09:18.851391+00:00] main.INFO: Broken reference: the 'sale.reorder.sidebar' element cannot be added as child to 'sidebar.additional', because the latter doesn't exist [] []
[2025-09-09T09:09:18.851709+00:00] main.INFO: Broken reference: the 'wishlist_sidebar' element cannot be added as child to 'sidebar.additional', because the latter doesn't exist [] []
[2025-09-09T09:09:18.851851+00:00] main.INFO: Broken reference: the 'paypal.partner.right.logo' element cannot be added as child to 'sidebar.additional', because the latter doesn't exist [] []
[2025-09-09T09:09:18.851957+00:00] main.INFO: Broken reference: the 'bml.right.logo' element cannot be added as child to 'sidebar.additional', because the latter doesn't exist [] []
[2025-09-09T09:09:18.852055+00:00] main.INFO: Broken reference: the 'sidebar.container.paylater' element cannot be added as child to 'sidebar.additional', because the latter doesn't exist [] []
[2025-09-09T09:09:19.200462+00:00] main.ERROR: Braintree\Configuration::merchantId needs to be set (or accessToken needs to be passed to Braintree\Gateway). [] []
[2025-09-09T09:11:44.122412+00:00] main.INFO: Broken reference: the 'catalog.compare.sidebar' element cannot be added as child to 'sidebar.additional', because the latter doesn't exist [] []
[2025-09-09T09:11:44.123058+00:00] main.INFO: Broken reference: the 'sale.reorder.sidebar' element cannot be added as child to 'sidebar.additional', because the latter doesn't exist [] []
[2025-09-09T09:11:44.123301+00:00] main.INFO: Broken reference: the 'wishlist_sidebar' element cannot be added as child to 'sidebar.additional', because the latter doesn't exist [] []
[2025-09-09T09:11:44.123428+00:00] main.INFO: Broken reference: the 'paypal.partner.right.logo' element cannot be added as child to 'sidebar.additional', because the latter doesn't exist [] []
[2025-09-09T09:11:44.123559+00:00] main.INFO: Broken reference: the 'bml.right.logo' element cannot be added as child to 'sidebar.additional', because the latter doesn't exist [] []
[2025-09-09T09:11:44.123657+00:00] main.INFO: Broken reference: the 'sidebar.container.paylater' element cannot be added as child to 'sidebar.additional', because the latter doesn't exist [] []
[2025-09-09T09:11:44.347679+00:00] main.ERROR: Braintree\Configuration::merchantId needs to be set (or accessToken needs to be passed to Braintree\Gateway). [] []
[2025-09-09T10:16:25.316056+00:00] main.INFO: Broken reference: the 'tracking' element cannot be added as child to 'header', because the latter doesn't exist [] []
[2025-09-09T10:16:25.316797+00:00] main.INFO: Broken reference: the 'notification_area' element cannot be added as child to 'notifications', because the latter doesn't exist [] []
[2025-09-09T10:16:25.316993+00:00] main.INFO: Broken reference: the 'unread_system_messages' element cannot be added as child to 'notifications', because the latter doesn't exist [] []
[2025-09-09T10:16:25.317155+00:00] main.INFO: Broken reference: the 'notification_window' element cannot be added as child to 'notifications', because the latter doesn't exist [] []
[2025-09-09T10:16:25.317311+00:00] main.INFO: Broken reference: the 'notification.messages' element cannot be added as child to 'header', because the latter doesn't exist [] []
[2025-09-09T10:16:25.317500+00:00] main.INFO: Broken reference: the 'global_notices' element cannot be added as child to 'global.notices', because the latter doesn't exist [] []
[2025-09-09T10:16:25.317658+00:00] main.INFO: Broken reference: the 'logo' element cannot be added as child to 'header', because the latter doesn't exist [] []
[2025-09-09T10:16:25.317809+00:00] main.INFO: Broken reference: the 'global.search' element cannot be added as child to 'header', because the latter doesn't exist [] []
[2025-09-09T10:16:25.318005+00:00] main.INFO: Broken reference: the 'user' element cannot be added as child to 'header', because the latter doesn't exist [] []
[2025-09-09T10:16:25.318154+00:00] main.INFO: Broken reference: the 'menu' element cannot be added as child to 'page.menu', because the latter doesn't exist [] []
[2025-09-09T10:16:25.318302+00:00] main.INFO: Broken reference: the 'breadcrumbs' element cannot be added as child to 'page.breadcrumbs', because the latter doesn't exist [] []
[2025-09-09T10:16:25.318470+00:00] main.INFO: Broken reference: the 'formkey' element cannot be added as child to 'page.formkey', because the latter doesn't exist [] []
[2025-09-09T10:16:25.318621+00:00] main.INFO: Broken reference: the 'page.title' element cannot be added as child to 'main.top', because the latter doesn't exist [] []
[2025-09-09T10:16:25.318765+00:00] main.INFO: Broken reference: the 'messages' element cannot be added as child to 'page.messages', because the latter doesn't exist [] []
[2025-09-09T10:16:25.318909+00:00] main.INFO: Broken reference: the 'page.actions.toolbar' element cannot be added as child to 'page.main.actions', because the latter doesn't exist [] []
[2025-09-09T10:16:25.319046+00:00] main.INFO: Broken reference: the 'legal' element cannot be added as child to 'footer', because the latter doesn't exist [] []
[2025-09-09T10:16:25.319263+00:00] main.INFO: Broken reference: the 'header.inner.left' element cannot be added as child to 'header', because the latter doesn't exist [] []
[2025-09-09T10:16:25.319394+00:00] main.INFO: Broken reference: the 'header.inner.right' element cannot be added as child to 'header', because the latter doesn't exist [] []
[2025-09-09T10:16:25.319673+00:00] main.INFO: Broken reference: the 'user' tries to reorder itself towards '', but their parents are different: 'header' and '' respectively. [] []
[2025-09-09T10:16:25.319831+00:00] main.INFO: Broken reference: the 'notification.messages' tries to reorder itself towards 'user', but their parents are different: 'header' and '' respectively. [] []
[2025-09-09T10:16:25.319981+00:00] main.INFO: Broken reference: the 'logo' tries to reorder itself towards '', but their parents are different: 'header' and '' respectively. [] []
[2025-09-09T10:16:25.320094+00:00] main.INFO: Broken reference: the 'global.search' tries to reorder itself towards 'logo', but their parents are different: 'header' and '' respectively. [] []
[2025-09-09T10:16:25.320204+00:00] main.INFO: Broken reference: the 'page.actions.toolbar' tries to reorder itself towards '', but their parents are different: 'page.main.actions' and '' respectively. [] []
[2025-09-09T10:16:25.320354+00:00] main.INFO: Broken reference: the 'header.inner.left' tries to reorder itself towards '', but their parents are different: 'header' and '' respectively. [] []
[2025-09-09T10:16:25.320533+00:00] main.INFO: Broken reference: the 'header.inner.right' tries to reorder itself towards 'header.inner.left', but their parents are different: 'header' and '' respectively. [] []
[2025-09-09T10:16:25.320676+00:00] main.INFO: Broken reference: the 'notification.messages' tries to reorder itself towards 'user', but their parents are different: 'header.inner.right' and '' respectively. [] []
[2025-09-09T10:17:52.371784+00:00] main.INFO: Broken reference: the 'tracking' element cannot be added as child to 'header', because the latter doesn't exist [] []
[2025-09-09T10:17:52.372252+00:00] main.INFO: Broken reference: the 'notification_area' element cannot be added as child to 'notifications', because the latter doesn't exist [] []
[2025-09-09T10:17:52.372402+00:00] main.INFO: Broken reference: the 'unread_system_messages' element cannot be added as child to 'notifications', because the latter doesn't exist [] []
[2025-09-09T10:17:52.372556+00:00] main.INFO: Broken reference: the 'notification_window' element cannot be added as child to 'notifications', because the latter doesn't exist [] []
[2025-09-09T10:17:52.372687+00:00] main.INFO: Broken reference: the 'notification.messages' element cannot be added as child to 'header', because the latter doesn't exist [] []
[2025-09-09T10:17:52.372842+00:00] main.INFO: Broken reference: the 'global_notices' element cannot be added as child to 'global.notices', because the latter doesn't exist [] []
[2025-09-09T10:17:52.372969+00:00] main.INFO: Broken reference: the 'logo' element cannot be added as child to 'header', because the latter doesn't exist [] []
[2025-09-09T10:17:52.373095+00:00] main.INFO: Broken reference: the 'global.search' element cannot be added as child to 'header', because the latter doesn't exist [] []
[2025-09-09T10:17:52.373218+00:00] main.INFO: Broken reference: the 'user' element cannot be added as child to 'header', because the latter doesn't exist [] []
[2025-09-09T10:17:52.373343+00:00] main.INFO: Broken reference: the 'menu' element cannot be added as child to 'page.menu', because the latter doesn't exist [] []
[2025-09-09T10:17:52.373482+00:00] main.INFO: Broken reference: the 'breadcrumbs' element cannot be added as child to 'page.breadcrumbs', because the latter doesn't exist [] []
[2025-09-09T10:17:52.373607+00:00] main.INFO: Broken reference: the 'formkey' element cannot be added as child to 'page.formkey', because the latter doesn't exist [] []
[2025-09-09T10:17:52.373730+00:00] main.INFO: Broken reference: the 'page.title' element cannot be added as child to 'main.top', because the latter doesn't exist [] []
[2025-09-09T10:17:52.373852+00:00] main.INFO: Broken reference: the 'messages' element cannot be added as child to 'page.messages', because the latter doesn't exist [] []
[2025-09-09T10:17:52.373975+00:00] main.INFO: Broken reference: the 'page.actions.toolbar' element cannot be added as child to 'page.main.actions', because the latter doesn't exist [] []
[2025-09-09T10:17:52.374124+00:00] main.INFO: Broken reference: the 'legal' element cannot be added as child to 'footer', because the latter doesn't exist [] []
[2025-09-09T10:17:52.374347+00:00] main.INFO: Broken reference: the 'header.inner.left' element cannot be added as child to 'header', because the latter doesn't exist [] []
[2025-09-09T10:17:52.374497+00:00] main.INFO: Broken reference: the 'header.inner.right' element cannot be added as child to 'header', because the latter doesn't exist [] []
[2025-09-09T10:17:52.374676+00:00] main.INFO: Broken reference: the 'user' tries to reorder itself towards '', but their parents are different: 'header' and '' respectively. [] []
[2025-09-09T10:17:52.374807+00:00] main.INFO: Broken reference: the 'notification.messages' tries to reorder itself towards 'user', but their parents are different: 'header' and '' respectively. [] []
[2025-09-09T10:17:52.374932+00:00] main.INFO: Broken reference: the 'logo' tries to reorder itself towards '', but their parents are different: 'header' and '' respectively. [] []
[2025-09-09T10:17:52.375049+00:00] main.INFO: Broken reference: the 'global.search' tries to reorder itself towards 'logo', but their parents are different: 'header' and '' respectively. [] []
[2025-09-09T10:17:52.375172+00:00] main.INFO: Broken reference: the 'page.actions.toolbar' tries to reorder itself towards '', but their parents are different: 'page.main.actions' and '' respectively. [] []
[2025-09-09T10:17:52.375348+00:00] main.INFO: Broken reference: the 'header.inner.left' tries to reorder itself towards '', but their parents are different: 'header' and '' respectively. [] []
[2025-09-09T10:17:52.375510+00:00] main.INFO: Broken reference: the 'header.inner.right' tries to reorder itself towards 'header.inner.left', but their parents are different: 'header' and '' respectively. [] []
[2025-09-09T10:17:52.375651+00:00] main.INFO: Broken reference: the 'notification.messages' tries to reorder itself towards 'user', but their parents are different: 'header.inner.right' and '' respectively. [] []
[2025-09-09T10:19:04.742667+00:00] main.INFO: Broken reference: the 'tracking' element cannot be added as child to 'header', because the latter doesn't exist [] []
[2025-09-09T10:19:04.742972+00:00] main.INFO: Broken reference: the 'notification_area' element cannot be added as child to 'notifications', because the latter doesn't exist [] []
[2025-09-09T10:19:04.743120+00:00] main.INFO: Broken reference: the 'unread_system_messages' element cannot be added as child to 'notifications', because the latter doesn't exist [] []
[2025-09-09T10:19:04.743247+00:00] main.INFO: Broken reference: the 'notification_window' element cannot be added as child to 'notifications', because the latter doesn't exist [] []
[2025-09-09T10:19:04.743367+00:00] main.INFO: Broken reference: the 'notification.messages' element cannot be added as child to 'header', because the latter doesn't exist [] []
[2025-09-09T10:19:04.743517+00:00] main.INFO: Broken reference: the 'global_notices' element cannot be added as child to 'global.notices', because the latter doesn't exist [] []
[2025-09-09T10:19:04.743648+00:00] main.INFO: Broken reference: the 'logo' element cannot be added as child to 'header', because the latter doesn't exist [] []
[2025-09-09T10:19:04.743795+00:00] main.INFO: Broken reference: the 'global.search' element cannot be added as child to 'header', because the latter doesn't exist [] []
[2025-09-09T10:19:04.743907+00:00] main.INFO: Broken reference: the 'user' element cannot be added as child to 'header', because the latter doesn't exist [] []
[2025-09-09T10:19:04.744015+00:00] main.INFO: Broken reference: the 'menu' element cannot be added as child to 'page.menu', because the latter doesn't exist [] []
[2025-09-09T10:19:04.744125+00:00] main.INFO: Broken reference: the 'breadcrumbs' element cannot be added as child to 'page.breadcrumbs', because the latter doesn't exist [] []
[2025-09-09T10:19:04.744254+00:00] main.INFO: Broken reference: the 'formkey' element cannot be added as child to 'page.formkey', because the latter doesn't exist [] []
[2025-09-09T10:19:04.744362+00:00] main.INFO: Broken reference: the 'page.title' element cannot be added as child to 'main.top', because the latter doesn't exist [] []
[2025-09-09T10:19:04.744580+00:00] main.INFO: Broken reference: the 'messages' element cannot be added as child to 'page.messages', because the latter doesn't exist [] []
[2025-09-09T10:19:04.744691+00:00] main.INFO: Broken reference: the 'page.actions.toolbar' element cannot be added as child to 'page.main.actions', because the latter doesn't exist [] []
[2025-09-09T10:19:04.744799+00:00] main.INFO: Broken reference: the 'legal' element cannot be added as child to 'footer', because the latter doesn't exist [] []
[2025-09-09T10:19:04.744987+00:00] main.INFO: Broken reference: the 'header.inner.left' element cannot be added as child to 'header', because the latter doesn't exist [] []
[2025-09-09T10:19:04.745101+00:00] main.INFO: Broken reference: the 'header.inner.right' element cannot be added as child to 'header', because the latter doesn't exist [] []
[2025-09-09T10:19:04.745261+00:00] main.INFO: Broken reference: the 'user' tries to reorder itself towards '', but their parents are different: 'header' and '' respectively. [] []
[2025-09-09T10:19:04.745374+00:00] main.INFO: Broken reference: the 'notification.messages' tries to reorder itself towards 'user', but their parents are different: 'header' and '' respectively. [] []
[2025-09-09T10:19:04.745494+00:00] main.INFO: Broken reference: the 'logo' tries to reorder itself towards '', but their parents are different: 'header' and '' respectively. [] []
[2025-09-09T10:19:04.745602+00:00] main.INFO: Broken reference: the 'global.search' tries to reorder itself towards 'logo', but their parents are different: 'header' and '' respectively. [] []
[2025-09-09T10:19:04.745709+00:00] main.INFO: Broken reference: the 'page.actions.toolbar' tries to reorder itself towards '', but their parents are different: 'page.main.actions' and '' respectively. [] []
[2025-09-09T10:19:04.745845+00:00] main.INFO: Broken reference: the 'header.inner.left' tries to reorder itself towards '', but their parents are different: 'header' and '' respectively. [] []
[2025-09-09T10:19:04.745953+00:00] main.INFO: Broken reference: the 'header.inner.right' tries to reorder itself towards 'header.inner.left', but their parents are different: 'header' and '' respectively. [] []
[2025-09-09T10:19:04.746091+00:00] main.INFO: Broken reference: the 'notification.messages' tries to reorder itself towards 'user', but their parents are different: 'header.inner.right' and '' respectively. [] []
[2025-09-09T10:19:48.968839+00:00] main.ERROR: An existing user has the given username but different email. Username and email both need to match an existing user or both be new.
#0 /opt/lampp/htdocs/magento-test/setup/src/Magento/Setup/Model/AdminAccount.php(113): Magento\Setup\Model\AdminAccount->validateUserMatches()
#1 /opt/lampp/htdocs/magento-test/setup/src/Magento/Setup/Model/AdminAccount.php(83): Magento\Setup\Model\AdminAccount->saveAdminUser()
#2 /opt/lampp/htdocs/magento-test/setup/src/Magento/Setup/Model/Installer.php(1399): Magento\Setup\Model\AdminAccount->save()
#3 /opt/lampp/htdocs/magento-test/setup/src/Magento/Setup/Console/Command/AdminUserCreateCommand.php(167): Magento\Setup\Model\Installer->installAdminUser()
#4 /opt/lampp/htdocs/magento-test/vendor/symfony/console/Command/Command.php(326): Magento\Setup\Console\Command\AdminUserCreateCommand->execute()
#5 /opt/lampp/htdocs/magento-test/vendor/symfony/console/Application.php(1078): Symfony\Component\Console\Command\Command->run()
#6 /opt/lampp/htdocs/magento-test/vendor/symfony/console/Application.php(324): Symfony\Component\Console\Application->doRunCommand()
#7 /opt/lampp/htdocs/magento-test/vendor/magento/framework/Console/Cli.php(122): Symfony\Component\Console\Application->doRun()
#8 /opt/lampp/htdocs/magento-test/vendor/symfony/console/Application.php(175): Magento\Framework\Console\Cli->doRun()
#9 /opt/lampp/htdocs/magento-test/bin/magento(23): Symfony\Component\Console\Application->run()
#10 {main} [] []
[2025-09-09T10:21:02.367698+00:00] main.INFO: Broken reference: the 'notification.messages' tries to reorder itself towards 'user', but their parents are different: 'header.inner.right' and 'header' respectively. [] []
[2025-09-09T10:21:29.836722+00:00] main.INFO: Broken reference: the 'notification.messages' tries to reorder itself towards 'user', but their parents are different: 'header.inner.right' and 'header' respectively. [] []
[2025-09-09T10:21:37.737541+00:00] main.INFO: Broken reference: the 'notification.messages' tries to reorder itself towards 'user', but their parents are different: 'header.inner.right' and 'header' respectively. [] []
[2025-09-09T10:26:32.472690+00:00] main.INFO: Broken reference: the 'notification.messages' tries to reorder itself towards 'user', but their parents are different: 'header.inner.right' and 'header' respectively. [] []
[2025-09-09T10:26:32.812768+00:00] main.INFO: Broken reference: the 'notification.messages' tries to reorder itself towards 'user', but their parents are different: 'header.inner.right' and 'header' respectively. [] []
[2025-09-09T10:26:38.207241+00:00] main.ERROR: The "/opt/lampp/htdocs/magento-test/var/tmp/alternative-source-css.lock" file can't be deleted.  [] []
[2025-09-09T10:26:38.207828+00:00] main.CRITICAL: The "/opt/lampp/htdocs/magento-test/var/tmp/alternative-source-css.lock" file can't be deleted.  [] []
[2025-09-09T10:26:42.900902+00:00] main.INFO: Broken reference: the 'notification.messages' tries to reorder itself towards 'user', but their parents are different: 'header.inner.right' and 'header' respectively. [] []
[2025-09-09T10:33:09.103520+00:00] main.INFO: Broken reference: the 'notification.messages' tries to reorder itself towards 'user', but their parents are different: 'header.inner.right' and 'header' respectively. [] []
[2025-09-09T10:34:43.434123+00:00] main.INFO: Broken reference: the 'notification.messages' tries to reorder itself towards 'user', but their parents are different: 'header.inner.right' and 'header' respectively. [] []
[2025-09-09T10:35:12.611296+00:00] main.INFO: Broken reference: the 'notification.messages' tries to reorder itself towards 'user', but their parents are different: 'header.inner.right' and 'header' respectively. [] []
[2025-09-09T10:35:27.978899+00:00] main.ERROR: Unable to resolve the source file for 'adminhtml/Magento/backend/en_US/underscore-umd.js.map' [] []
[2025-09-09T10:35:27.979453+00:00] main.CRITICAL: Unable to resolve the source file for 'adminhtml/Magento/backend/en_US/underscore-umd.js.map' [] []
[2025-09-09T10:35:39.900342+00:00] main.INFO: Broken reference: the 'notification.messages' tries to reorder itself towards 'user', but their parents are different: 'header.inner.right' and 'header' respectively. [] []
[2025-09-09T10:35:41.956977+00:00] main.INFO: Broken reference: the 'notification.messages' tries to reorder itself towards 'user', but their parents are different: 'header.inner.right' and 'header' respectively. [] []
[2025-09-09T10:35:44.415713+00:00] main.INFO: Broken reference: the 'notification.messages' tries to reorder itself towards 'user', but their parents are different: 'header.inner.right' and 'header' respectively. [] []
[2025-09-09T10:36:34.912216+00:00] main.INFO: Broken reference: the 'notification.messages' tries to reorder itself towards 'user', but their parents are different: 'header.inner.right' and 'header' respectively. [] []
[2025-09-09T10:36:40.703976+00:00] main.INFO: Broken reference: the 'notification.messages' tries to reorder itself towards 'user', but their parents are different: 'header.inner.right' and 'header' respectively. [] []
[2025-09-09T10:50:58.005063+00:00] main.ERROR: Command "catalog:product:list" is not defined.

Did you mean one of these?
    catalog:product:attributes:cleanup
    encryption:data:list-re-encryptors
    info:backups:list
    info:currency:list
    info:language:list
    info:timezone:list
    inventory:reservation:list-inconsistencies
    queue:consumers:list
    setup:db-declaration:generate-whitelist
    store:website:list
#0 /opt/lampp/htdocs/magento-test/vendor/symfony/console/Application.php(266): Symfony\Component\Console\Application->find()
#1 /opt/lampp/htdocs/magento-test/vendor/magento/framework/Console/Cli.php(122): Symfony\Component\Console\Application->doRun()
#2 /opt/lampp/htdocs/magento-test/vendor/symfony/console/Application.php(175): Magento\Framework\Console\Cli->doRun()
#3 /opt/lampp/htdocs/magento-test/bin/magento(23): Symfony\Component\Console\Application->run()
#4 {main} [] []
[2025-09-09T10:51:52.479782+00:00] main.ERROR: There are no commands defined in the "shell" namespace.
#0 /opt/lampp/htdocs/magento-test/vendor/symfony/console/Application.php(720): Symfony\Component\Console\Application->findNamespace()
#1 /opt/lampp/htdocs/magento-test/vendor/symfony/console/Application.php(266): Symfony\Component\Console\Application->find()
#2 /opt/lampp/htdocs/magento-test/vendor/magento/framework/Console/Cli.php(122): Symfony\Component\Console\Application->doRun()
#3 /opt/lampp/htdocs/magento-test/vendor/symfony/console/Application.php(175): Magento\Framework\Console\Cli->doRun()
#4 /opt/lampp/htdocs/magento-test/bin/magento(23): Symfony\Component\Console\Application->run()
#5 {main} [] []
[2025-09-09T10:52:20.352772+00:00] main.INFO: Broken reference: the 'notification.messages' tries to reorder itself towards 'user', but their parents are different: 'header.inner.right' and 'header' respectively. [] []
[2025-09-09T10:52:34.952529+00:00] main.INFO: Broken reference: the 'notification.messages' tries to reorder itself towards 'user', but their parents are different: 'header.inner.right' and 'header' respectively. [] []
[2025-09-09T10:52:36.949592+00:00] main.INFO: Broken reference: the 'notification.messages' tries to reorder itself towards 'user', but their parents are different: 'header.inner.right' and 'header' respectively. [] []
[2025-09-09T10:52:52.777158+00:00] main.INFO: Broken reference: the 'notification.messages' tries to reorder itself towards 'user', but their parents are different: 'header.inner.right' and 'header' respectively. [] []
[2025-09-09T10:52:59.070049+00:00] main.INFO: Broken reference: the 'notification.messages' tries to reorder itself towards 'user', but their parents are different: 'header.inner.right' and 'header' respectively. [] []
[2025-09-09T10:53:11.520168+00:00] main.INFO: Broken reference: the 'notification.messages' tries to reorder itself towards 'user', but their parents are different: 'header.inner.right' and 'header' respectively. [] []
[2025-09-09T10:53:14.555757+00:00] main.INFO: Broken reference: the 'notification.messages' tries to reorder itself towards 'user', but their parents are different: 'header.inner.right' and 'header' respectively. [] []
[2025-09-09T10:53:21.658916+00:00] main.INFO: Broken reference: the 'notification.messages' tries to reorder itself towards 'user', but their parents are different: 'header.inner.right' and 'header' respectively. [] []
[2025-09-09T10:53:33.687331+00:00] main.ERROR: Unable to resolve the source file for 'adminhtml/Magento/backend/en_US/underscore-umd.js.map' [] []
[2025-09-09T10:53:33.687868+00:00] main.CRITICAL: Unable to resolve the source file for 'adminhtml/Magento/backend/en_US/underscore-umd.js.map' [] []
[2025-09-09T11:00:04.959127+00:00] main.INFO: Broken reference: the 'notification.messages' tries to reorder itself towards 'user', but their parents are different: 'header.inner.right' and 'header' respectively. [] []
[2025-09-09T11:00:56.320253+00:00] main.INFO: Broken reference: the 'notification.messages' tries to reorder itself towards 'user', but their parents are different: 'header.inner.right' and 'header' respectively. [] []
[2025-09-09T11:03:24.185615+00:00] main.INFO: Broken reference: the 'notification.messages' tries to reorder itself towards 'user', but their parents are different: 'header.inner.right' and 'header' respectively. [] []
[2025-09-09T11:04:47.701721+00:00] main.INFO: Broken reference: the 'notification.messages' tries to reorder itself towards 'user', but their parents are different: 'header.inner.right' and 'header' respectively. [] []
[2025-09-09T11:05:43.138200+00:00] main.INFO: Broken reference: the 'notification.messages' tries to reorder itself towards 'user', but their parents are different: 'header.inner.right' and 'header' respectively. [] []
[2025-09-09T11:10:01.175067+00:00] main.INFO: Broken reference: the 'notification.messages' tries to reorder itself towards 'user', but their parents are different: 'header.inner.right' and 'header' respectively. [] []
[2025-09-09T11:10:35.822289+00:00] main.INFO: Broken reference: the 'notification.messages' tries to reorder itself towards 'user', but their parents are different: 'header.inner.right' and 'header' respectively. [] []
[2025-09-09T11:13:09.674326+00:00] main.INFO: Broken reference: the 'notification.messages' tries to reorder itself towards 'user', but their parents are different: 'header.inner.right' and 'header' respectively. [] []
[2025-09-09T11:16:30.926710+00:00] main.INFO: Broken reference: the 'notification.messages' tries to reorder itself towards 'user', but their parents are different: 'header.inner.right' and 'header' respectively. [] []
[2025-09-09T11:21:01.519847+00:00] main.INFO: Broken reference: the 'notification.messages' tries to reorder itself towards 'user', but their parents are different: 'header.inner.right' and 'header' respectively. [] []
[2025-09-09T11:21:29.120645+00:00] main.INFO: Broken reference: the 'notification.messages' tries to reorder itself towards 'user', but their parents are different: 'header.inner.right' and 'header' respectively. [] []
[2025-09-09T11:21:36.716561+00:00] main.INFO: Broken reference: the 'notification.messages' tries to reorder itself towards 'user', but their parents are different: 'header.inner.right' and 'header' respectively. [] []
[2025-09-09T11:23:56.644841+00:00] main.INFO: Broken reference: the 'notification.messages' tries to reorder itself towards 'user', but their parents are different: 'header.inner.right' and 'header' respectively. [] []
[2025-09-09T11:26:32.177839+00:00] main.INFO: Broken reference: the 'notification.messages' tries to reorder itself towards 'user', but their parents are different: 'header.inner.right' and 'header' respectively. [] []
[2025-09-09T11:29:37.794237+00:00] main.INFO: Broken reference: the 'notification.messages' tries to reorder itself towards 'user', but their parents are different: 'header.inner.right' and 'header' respectively. [] []
[2025-09-09T11:33:30.035545+00:00] main.INFO: Broken reference: the 'notification.messages' tries to reorder itself towards 'user', but their parents are different: 'header.inner.right' and 'header' respectively. [] []
[2025-09-09T11:35:38.145346+00:00] main.INFO: Broken reference: the 'notification.messages' tries to reorder itself towards 'user', but their parents are different: 'header.inner.right' and 'header' respectively. [] []
[2025-09-09T11:57:45.256389+00:00] main.INFO: Broken reference: the 'notification.messages' tries to reorder itself towards 'user', but their parents are different: 'header.inner.right' and 'header' respectively. [] []
[2025-09-16T05:40:45.285655+00:00] main.ERROR: The default website isn't defined. Set the website and try again.
#0 /home/mohammed/Scandiweb_Test/vendor/magento/module-store/Model/StoreResolver/Website.php(49): Magento\Store\Model\WebsiteRepository->getDefault()
#1 /home/mohammed/Scandiweb_Test/vendor/magento/module-store/Model/StoresData.php(67): Magento\Store\Model\StoreResolver\Website->getAllowedStoreIds()
#2 /home/mohammed/Scandiweb_Test/vendor/magento/module-store/Model/StoreResolver.php(138): Magento\Store\Model\StoresData->getStoresData()
#3 /home/mohammed/Scandiweb_Test/vendor/magento/module-store/Model/StoreResolver.php(97): Magento\Store\Model\StoreResolver->getStoresData()
#4 /home/mohammed/Scandiweb_Test/generated/code/Magento/Store/Model/StoreResolver/Proxy.php(105): Magento\Store\Model\StoreResolver->getCurrentStoreId()
#5 /home/mohammed/Scandiweb_Test/vendor/magento/module-store/Model/StoreManager.php(159): Magento\Store\Model\StoreResolver\Proxy->getCurrentStoreId()
#6 /home/mohammed/Scandiweb_Test/generated/code/Magento/Store/Model/StoreManagerInterface/Proxy.php(129): Magento\Store\Model\StoreManager->getStore()
#7 /home/mohammed/Scandiweb_Test/vendor/magento/module-store/Model/Resolver/Store.php(30): Magento\Store\Model\StoreManagerInterface\Proxy->getStore()
#8 /home/mohammed/Scandiweb_Test/vendor/magento/framework/App/Config/ScopeCodeResolver.php(49): Magento\Store\Model\Resolver\Store->getScope()
#9 /home/mohammed/Scandiweb_Test/vendor/magento/framework/App/Config.php(63): Magento\Framework\App\Config\ScopeCodeResolver->resolve()
#10 /home/mohammed/Scandiweb_Test/vendor/magento/framework/Locale/Resolver.php(110): Magento\Framework\App\Config->getValue()
#11 /home/mohammed/Scandiweb_Test/vendor/magento/framework/Locale/Resolver.php(128): Magento\Framework\Locale\Resolver->getDefaultLocale()
#12 /home/mohammed/Scandiweb_Test/vendor/magento/framework/Locale/Resolver.php(82): Magento\Framework\Locale\Resolver->setLocale()
#13 /home/mohammed/Scandiweb_Test/vendor/magento/framework/ObjectManager/Factory/AbstractFactory.php(121): Magento\Framework\Locale\Resolver->__construct()
#14 /home/mohammed/Scandiweb_Test/vendor/magento/framework/ObjectManager/Factory/Dynamic/Developer.php(66): Magento\Framework\ObjectManager\Factory\AbstractFactory->createObject()
#15 /home/mohammed/Scandiweb_Test/vendor/magento/framework/ObjectManager/ObjectManager.php(73): Magento\Framework\ObjectManager\Factory\Dynamic\Developer->create()
#16 /home/mohammed/Scandiweb_Test/vendor/magento/framework/ObjectManager/Factory/AbstractFactory.php(170): Magento\Framework\ObjectManager\ObjectManager->get()
#17 /home/mohammed/Scandiweb_Test/vendor/magento/framework/ObjectManager/Factory/AbstractFactory.php(276): Magento\Framework\ObjectManager\Factory\AbstractFactory->resolveArgument()
#18 /home/mohammed/Scandiweb_Test/vendor/magento/framework/ObjectManager/Factory/AbstractFactory.php(239): Magento\Framework\ObjectManager\Factory\AbstractFactory->getResolvedArgument()
#19 /home/mohammed/Scandiweb_Test/vendor/magento/framework/ObjectManager/Factory/Dynamic/Developer.php(34): Magento\Framework\ObjectManager\Factory\AbstractFactory->resolveArgumentsInRuntime()
#20 /home/mohammed/Scandiweb_Test/vendor/magento/framework/ObjectManager/Factory/Dynamic/Developer.php(59): Magento\Framework\ObjectManager\Factory\Dynamic\Developer->_resolveArguments()
#21 /home/mohammed/Scandiweb_Test/vendor/magento/framework/ObjectManager/ObjectManager.php(73): Magento\Framework\ObjectManager\Factory\Dynamic\Developer->create()
#22 /home/mohammed/Scandiweb_Test/vendor/magento/framework/ObjectManager/Factory/AbstractFactory.php(170): Magento\Framework\ObjectManager\ObjectManager->get()
#23 /home/mohammed/Scandiweb_Test/vendor/magento/framework/ObjectManager/Factory/AbstractFactory.php(276): Magento\Framework\ObjectManager\Factory\AbstractFactory->resolveArgument()
#24 /home/mohammed/Scandiweb_Test/vendor/magento/framework/ObjectManager/Factory/AbstractFactory.php(239): Magento\Framework\ObjectManager\Factory\AbstractFactory->getResolvedArgument()
#25 /home/mohammed/Scandiweb_Test/vendor/magento/framework/ObjectManager/Factory/Dynamic/Developer.php(34): Magento\Framework\ObjectManager\Factory\AbstractFactory->resolveArgumentsInRuntime()
#26 /home/mohammed/Scandiweb_Test/vendor/magento/framework/ObjectManager/Factory/Dynamic/Developer.php(59): Magento\Framework\ObjectManager\Factory\Dynamic\Developer->_resolveArguments()
#27 /home/mohammed/Scandiweb_Test/vendor/magento/framework/ObjectManager/ObjectManager.php(73): Magento\Framework\ObjectManager\Factory\Dynamic\Developer->create()
#28 /home/mohammed/Scandiweb_Test/vendor/magento/framework/ObjectManager/Factory/AbstractFactory.php(170): Magento\Framework\ObjectManager\ObjectManager->get()
#29 /home/mohammed/Scandiweb_Test/vendor/magento/framework/ObjectManager/Factory/AbstractFactory.php(276): Magento\Framework\ObjectManager\Factory\AbstractFactory->resolveArgument()
#30 /home/mohammed/Scandiweb_Test/vendor/magento/framework/ObjectManager/Factory/AbstractFactory.php(239): Magento\Framework\ObjectManager\Factory\AbstractFactory->getResolvedArgument()
#31 /home/mohammed/Scandiweb_Test/vendor/magento/framework/ObjectManager/Factory/Dynamic/Developer.php(34): Magento\Framework\ObjectManager\Factory\AbstractFactory->resolveArgumentsInRuntime()
#32 /home/mohammed/Scandiweb_Test/vendor/magento/framework/ObjectManager/Factory/Dynamic/Developer.php(59): Magento\Framework\ObjectManager\Factory\Dynamic\Developer->_resolveArguments()
#33 /home/mohammed/Scandiweb_Test/vendor/magento/framework/ObjectManager/ObjectManager.php(73): Magento\Framework\ObjectManager\Factory\Dynamic\Developer->create()
#34 /home/mohammed/Scandiweb_Test/vendor/magento/framework/ObjectManager/Factory/AbstractFactory.php(170): Magento\Framework\ObjectManager\ObjectManager->get()
#35 /home/mohammed/Scandiweb_Test/vendor/magento/framework/ObjectManager/Factory/AbstractFactory.php(276): Magento\Framework\ObjectManager\Factory\AbstractFactory->resolveArgument()
#36 /home/mohammed/Scandiweb_Test/vendor/magento/framework/ObjectManager/Factory/AbstractFactory.php(239): Magento\Framework\ObjectManager\Factory\AbstractFactory->getResolvedArgument()
#37 /home/mohammed/Scandiweb_Test/vendor/magento/framework/ObjectManager/Factory/Dynamic/Developer.php(34): Magento\Framework\ObjectManager\Factory\AbstractFactory->resolveArgumentsInRuntime()
#38 /home/mohammed/Scandiweb_Test/vendor/magento/framework/ObjectManager/Factory/Dynamic/Developer.php(59): Magento\Framework\ObjectManager\Factory\Dynamic\Developer->_resolveArguments()
#39 /home/mohammed/Scandiweb_Test/vendor/magento/framework/ObjectManager/ObjectManager.php(73): Magento\Framework\ObjectManager\Factory\Dynamic\Developer->create()
#40 /home/mohammed/Scandiweb_Test/vendor/magento/framework/Interception/PluginList/PluginList.php(173): Magento\Framework\ObjectManager\ObjectManager->get()
#41 /home/mohammed/Scandiweb_Test/vendor/magento/framework/Interception/Interceptor.php(144): Magento\Framework\Interception\PluginList\PluginList->getPlugin()
#42 /home/mohammed/Scandiweb_Test/vendor/magento/framework/Interception/Interceptor.php(153): Magento\Framework\App\MaintenanceMode\Interceptor->Magento\Framework\Interception\{closure}()
#43 /home/mohammed/Scandiweb_Test/generated/code/Magento/Framework/App/MaintenanceMode/Interceptor.php(32): Magento\Framework\App\MaintenanceMode\Interceptor->___callPlugins()
#44 /home/mohammed/Scandiweb_Test/setup/src/Magento/Setup/Model/Installer.php(1542): Magento\Framework\App\MaintenanceMode\Interceptor->set()
#45 [internal function]: Magento\Setup\Model\Installer->setMaintenanceMode()
#46 /home/mohammed/Scandiweb_Test/setup/src/Magento/Setup/Model/Installer.php(422): call_user_func_array()
#47 /home/mohammed/Scandiweb_Test/setup/src/Magento/Setup/Console/Command/InstallCommand.php(239): Magento\Setup\Model\Installer->install()
#48 /home/mohammed/Scandiweb_Test/vendor/symfony/console/Command/Command.php(326): Magento\Setup\Console\Command\InstallCommand->execute()
#49 /home/mohammed/Scandiweb_Test/vendor/symfony/console/Application.php(1078): Symfony\Component\Console\Command\Command->run()
#50 /home/mohammed/Scandiweb_Test/vendor/symfony/console/Application.php(324): Symfony\Component\Console\Application->doRunCommand()
#51 /home/mohammed/Scandiweb_Test/vendor/magento/framework/Console/Cli.php(122): Symfony\Component\Console\Application->doRun()
#52 /home/mohammed/Scandiweb_Test/vendor/symfony/console/Application.php(175): Magento\Framework\Console\Cli->doRun()
#53 /home/mohammed/Scandiweb_Test/bin/magento(23): Symfony\Component\Console\Application->run()
#54 {main} [] []
[2025-09-16T05:40:46.926414+00:00] main.ERROR: The default website isn't defined. Set the website and try again.
#0 /home/mohammed/Scandiweb_Test/vendor/magento/module-store/Model/StoreResolver/Website.php(49): Magento\Store\Model\WebsiteRepository->getDefault()
#1 /home/mohammed/Scandiweb_Test/vendor/magento/module-store/Model/StoresData.php(67): Magento\Store\Model\StoreResolver\Website->getAllowedStoreIds()
#2 /home/mohammed/Scandiweb_Test/vendor/magento/module-store/Model/StoreResolver.php(138): Magento\Store\Model\StoresData->getStoresData()
#3 /home/mohammed/Scandiweb_Test/vendor/magento/module-store/Model/StoreResolver.php(97): Magento\Store\Model\StoreResolver->getStoresData()
#4 /home/mohammed/Scandiweb_Test/generated/code/Magento/Store/Model/StoreResolver/Proxy.php(105): Magento\Store\Model\StoreResolver->getCurrentStoreId()
#5 /home/mohammed/Scandiweb_Test/vendor/magento/module-store/Model/StoreManager.php(159): Magento\Store\Model\StoreResolver\Proxy->getCurrentStoreId()
#6 /home/mohammed/Scandiweb_Test/generated/code/Magento/Store/Model/StoreManagerInterface/Proxy.php(129): Magento\Store\Model\StoreManager->getStore()
#7 /home/mohammed/Scandiweb_Test/vendor/magento/module-store/Model/Resolver/Store.php(30): Magento\Store\Model\StoreManagerInterface\Proxy->getStore()
#8 /home/mohammed/Scandiweb_Test/vendor/magento/framework/App/Config/ScopeCodeResolver.php(49): Magento\Store\Model\Resolver\Store->getScope()
#9 /home/mohammed/Scandiweb_Test/vendor/magento/framework/App/Config.php(63): Magento\Framework\App\Config\ScopeCodeResolver->resolve()
#10 /home/mohammed/Scandiweb_Test/vendor/magento/framework/Locale/Resolver.php(110): Magento\Framework\App\Config->getValue()
#11 /home/mohammed/Scandiweb_Test/vendor/magento/framework/Locale/Resolver.php(128): Magento\Framework\Locale\Resolver->getDefaultLocale()
#12 /home/mohammed/Scandiweb_Test/vendor/magento/framework/Locale/Resolver.php(82): Magento\Framework\Locale\Resolver->setLocale()
#13 /home/mohammed/Scandiweb_Test/vendor/magento/framework/ObjectManager/Factory/AbstractFactory.php(121): Magento\Framework\Locale\Resolver->__construct()
#14 /home/mohammed/Scandiweb_Test/vendor/magento/framework/ObjectManager/Factory/Dynamic/Developer.php(66): Magento\Framework\ObjectManager\Factory\AbstractFactory->createObject()
#15 /home/mohammed/Scandiweb_Test/vendor/magento/framework/ObjectManager/ObjectManager.php(73): Magento\Framework\ObjectManager\Factory\Dynamic\Developer->create()
#16 /home/mohammed/Scandiweb_Test/vendor/magento/framework/ObjectManager/Factory/AbstractFactory.php(170): Magento\Framework\ObjectManager\ObjectManager->get()
#17 /home/mohammed/Scandiweb_Test/vendor/magento/framework/ObjectManager/Factory/AbstractFactory.php(276): Magento\Framework\ObjectManager\Factory\AbstractFactory->resolveArgument()
#18 /home/mohammed/Scandiweb_Test/vendor/magento/framework/ObjectManager/Factory/AbstractFactory.php(239): Magento\Framework\ObjectManager\Factory\AbstractFactory->getResolvedArgument()
#19 /home/mohammed/Scandiweb_Test/vendor/magento/framework/ObjectManager/Factory/Dynamic/Developer.php(34): Magento\Framework\ObjectManager\Factory\AbstractFactory->resolveArgumentsInRuntime()
#20 /home/mohammed/Scandiweb_Test/vendor/magento/framework/ObjectManager/Factory/Dynamic/Developer.php(59): Magento\Framework\ObjectManager\Factory\Dynamic\Developer->_resolveArguments()
#21 /home/mohammed/Scandiweb_Test/vendor/magento/framework/ObjectManager/ObjectManager.php(73): Magento\Framework\ObjectManager\Factory\Dynamic\Developer->create()
#22 /home/mohammed/Scandiweb_Test/vendor/magento/framework/ObjectManager/Factory/AbstractFactory.php(170): Magento\Framework\ObjectManager\ObjectManager->get()
#23 /home/mohammed/Scandiweb_Test/vendor/magento/framework/ObjectManager/Factory/AbstractFactory.php(276): Magento\Framework\ObjectManager\Factory\AbstractFactory->resolveArgument()
#24 /home/mohammed/Scandiweb_Test/vendor/magento/framework/ObjectManager/Factory/AbstractFactory.php(239): Magento\Framework\ObjectManager\Factory\AbstractFactory->getResolvedArgument()
#25 /home/mohammed/Scandiweb_Test/vendor/magento/framework/ObjectManager/Factory/Dynamic/Developer.php(34): Magento\Framework\ObjectManager\Factory\AbstractFactory->resolveArgumentsInRuntime()
#26 /home/mohammed/Scandiweb_Test/vendor/magento/framework/ObjectManager/Factory/Dynamic/Developer.php(59): Magento\Framework\ObjectManager\Factory\Dynamic\Developer->_resolveArguments()
#27 /home/mohammed/Scandiweb_Test/vendor/magento/framework/ObjectManager/ObjectManager.php(73): Magento\Framework\ObjectManager\Factory\Dynamic\Developer->create()
#28 /home/mohammed/Scandiweb_Test/vendor/magento/framework/ObjectManager/Factory/AbstractFactory.php(170): Magento\Framework\ObjectManager\ObjectManager->get()
#29 /home/mohammed/Scandiweb_Test/vendor/magento/framework/ObjectManager/Factory/AbstractFactory.php(276): Magento\Framework\ObjectManager\Factory\AbstractFactory->resolveArgument()
#30 /home/mohammed/Scandiweb_Test/vendor/magento/framework/ObjectManager/Factory/AbstractFactory.php(239): Magento\Framework\ObjectManager\Factory\AbstractFactory->getResolvedArgument()
#31 /home/mohammed/Scandiweb_Test/vendor/magento/framework/ObjectManager/Factory/Dynamic/Developer.php(34): Magento\Framework\ObjectManager\Factory\AbstractFactory->resolveArgumentsInRuntime()
#32 /home/mohammed/Scandiweb_Test/vendor/magento/framework/ObjectManager/Factory/Dynamic/Developer.php(59): Magento\Framework\ObjectManager\Factory\Dynamic\Developer->_resolveArguments()
#33 /home/mohammed/Scandiweb_Test/vendor/magento/framework/ObjectManager/ObjectManager.php(73): Magento\Framework\ObjectManager\Factory\Dynamic\Developer->create()
#34 /home/mohammed/Scandiweb_Test/vendor/magento/framework/ObjectManager/Factory/AbstractFactory.php(170): Magento\Framework\ObjectManager\ObjectManager->get()
#35 /home/mohammed/Scandiweb_Test/vendor/magento/framework/ObjectManager/Factory/AbstractFactory.php(276): Magento\Framework\ObjectManager\Factory\AbstractFactory->resolveArgument()
#36 /home/mohammed/Scandiweb_Test/vendor/magento/framework/ObjectManager/Factory/AbstractFactory.php(239): Magento\Framework\ObjectManager\Factory\AbstractFactory->getResolvedArgument()
#37 /home/mohammed/Scandiweb_Test/vendor/magento/framework/ObjectManager/Factory/Dynamic/Developer.php(34): Magento\Framework\ObjectManager\Factory\AbstractFactory->resolveArgumentsInRuntime()
#38 /home/mohammed/Scandiweb_Test/vendor/magento/framework/ObjectManager/Factory/Dynamic/Developer.php(59): Magento\Framework\ObjectManager\Factory\Dynamic\Developer->_resolveArguments()
#39 /home/mohammed/Scandiweb_Test/vendor/magento/framework/ObjectManager/ObjectManager.php(73): Magento\Framework\ObjectManager\Factory\Dynamic\Developer->create()
#40 /home/mohammed/Scandiweb_Test/vendor/magento/framework/Interception/PluginList/PluginList.php(173): Magento\Framework\ObjectManager\ObjectManager->get()
#41 /home/mohammed/Scandiweb_Test/vendor/magento/framework/Interception/Interceptor.php(144): Magento\Framework\Interception\PluginList\PluginList->getPlugin()
#42 /home/mohammed/Scandiweb_Test/vendor/magento/framework/Interception/Interceptor.php(153): Magento\Framework\App\MaintenanceMode\Interceptor->Magento\Framework\Interception\{closure}()
#43 /home/mohammed/Scandiweb_Test/generated/code/Magento/Framework/App/MaintenanceMode/Interceptor.php(32): Magento\Framework\App\MaintenanceMode\Interceptor->___callPlugins()
#44 /home/mohammed/Scandiweb_Test/setup/src/Magento/Setup/Model/Installer.php(1542): Magento\Framework\App\MaintenanceMode\Interceptor->set()
#45 [internal function]: Magento\Setup\Model\Installer->setMaintenanceMode()
#46 /home/mohammed/Scandiweb_Test/setup/src/Magento/Setup/Model/Installer.php(422): call_user_func_array()
#47 /home/mohammed/Scandiweb_Test/setup/src/Magento/Setup/Console/Command/InstallCommand.php(239): Magento\Setup\Model\Installer->install()
#48 /home/mohammed/Scandiweb_Test/vendor/symfony/console/Command/Command.php(326): Magento\Setup\Console\Command\InstallCommand->execute()
#49 /home/mohammed/Scandiweb_Test/vendor/symfony/console/Application.php(1078): Symfony\Component\Console\Command\Command->run()
#50 /home/mohammed/Scandiweb_Test/vendor/symfony/console/Application.php(324): Symfony\Component\Console\Application->doRunCommand()
#51 /home/mohammed/Scandiweb_Test/vendor/magento/framework/Console/Cli.php(122): Symfony\Component\Console\Application->doRun()
#52 /home/mohammed/Scandiweb_Test/vendor/symfony/console/Application.php(175): Magento\Framework\Console\Cli->doRun()
#53 /home/mohammed/Scandiweb_Test/bin/magento(23): Symfony\Component\Console\Application->run()
#54 {main} [] []
[2025-09-16T05:51:36.386997+00:00] main.ERROR: The default website isn't defined. Set the website and try again.
#0 /home/mohammed/Scandiweb_Test/vendor/magento/module-store/Model/StoreResolver/Website.php(49): Magento\Store\Model\WebsiteRepository->getDefault()
#1 /home/mohammed/Scandiweb_Test/vendor/magento/module-store/Model/StoresData.php(67): Magento\Store\Model\StoreResolver\Website->getAllowedStoreIds()
#2 /home/mohammed/Scandiweb_Test/vendor/magento/module-store/Model/StoreResolver.php(138): Magento\Store\Model\StoresData->getStoresData()
#3 /home/mohammed/Scandiweb_Test/vendor/magento/module-store/Model/StoreResolver.php(97): Magento\Store\Model\StoreResolver->getStoresData()
#4 /home/mohammed/Scandiweb_Test/generated/code/Magento/Store/Model/StoreResolver/Proxy.php(105): Magento\Store\Model\StoreResolver->getCurrentStoreId()
#5 /home/mohammed/Scandiweb_Test/vendor/magento/module-store/Model/StoreManager.php(159): Magento\Store\Model\StoreResolver\Proxy->getCurrentStoreId()
#6 /home/mohammed/Scandiweb_Test/generated/code/Magento/Store/Model/StoreManagerInterface/Proxy.php(129): Magento\Store\Model\StoreManager->getStore()
#7 /home/mohammed/Scandiweb_Test/vendor/magento/module-store/Model/Resolver/Store.php(30): Magento\Store\Model\StoreManagerInterface\Proxy->getStore()
#8 /home/mohammed/Scandiweb_Test/vendor/magento/framework/App/Config/ScopeCodeResolver.php(49): Magento\Store\Model\Resolver\Store->getScope()
#9 /home/mohammed/Scandiweb_Test/vendor/magento/framework/App/Config.php(63): Magento\Framework\App\Config\ScopeCodeResolver->resolve()
#10 /home/mohammed/Scandiweb_Test/vendor/magento/framework/Locale/Resolver.php(110): Magento\Framework\App\Config->getValue()
#11 /home/mohammed/Scandiweb_Test/vendor/magento/framework/Locale/Resolver.php(128): Magento\Framework\Locale\Resolver->getDefaultLocale()
#12 /home/mohammed/Scandiweb_Test/vendor/magento/framework/Locale/Resolver.php(82): Magento\Framework\Locale\Resolver->setLocale()
#13 /home/mohammed/Scandiweb_Test/vendor/magento/framework/ObjectManager/Factory/AbstractFactory.php(121): Magento\Framework\Locale\Resolver->__construct()
#14 /home/mohammed/Scandiweb_Test/vendor/magento/framework/ObjectManager/Factory/Dynamic/Developer.php(66): Magento\Framework\ObjectManager\Factory\AbstractFactory->createObject()
#15 /home/mohammed/Scandiweb_Test/vendor/magento/framework/ObjectManager/ObjectManager.php(73): Magento\Framework\ObjectManager\Factory\Dynamic\Developer->create()
#16 /home/mohammed/Scandiweb_Test/vendor/magento/framework/ObjectManager/Factory/AbstractFactory.php(170): Magento\Framework\ObjectManager\ObjectManager->get()
#17 /home/mohammed/Scandiweb_Test/vendor/magento/framework/ObjectManager/Factory/AbstractFactory.php(276): Magento\Framework\ObjectManager\Factory\AbstractFactory->resolveArgument()
#18 /home/mohammed/Scandiweb_Test/vendor/magento/framework/ObjectManager/Factory/AbstractFactory.php(239): Magento\Framework\ObjectManager\Factory\AbstractFactory->getResolvedArgument()
#19 /home/mohammed/Scandiweb_Test/vendor/magento/framework/ObjectManager/Factory/Dynamic/Developer.php(34): Magento\Framework\ObjectManager\Factory\AbstractFactory->resolveArgumentsInRuntime()
#20 /home/mohammed/Scandiweb_Test/vendor/magento/framework/ObjectManager/Factory/Dynamic/Developer.php(59): Magento\Framework\ObjectManager\Factory\Dynamic\Developer->_resolveArguments()
#21 /home/mohammed/Scandiweb_Test/vendor/magento/framework/ObjectManager/ObjectManager.php(73): Magento\Framework\ObjectManager\Factory\Dynamic\Developer->create()
#22 /home/mohammed/Scandiweb_Test/vendor/magento/framework/ObjectManager/Factory/AbstractFactory.php(170): Magento\Framework\ObjectManager\ObjectManager->get()
#23 /home/mohammed/Scandiweb_Test/vendor/magento/framework/ObjectManager/Factory/AbstractFactory.php(276): Magento\Framework\ObjectManager\Factory\AbstractFactory->resolveArgument()
#24 /home/mohammed/Scandiweb_Test/vendor/magento/framework/ObjectManager/Factory/AbstractFactory.php(239): Magento\Framework\ObjectManager\Factory\AbstractFactory->getResolvedArgument()
#25 /home/mohammed/Scandiweb_Test/vendor/magento/framework/ObjectManager/Factory/Dynamic/Developer.php(34): Magento\Framework\ObjectManager\Factory\AbstractFactory->resolveArgumentsInRuntime()
#26 /home/mohammed/Scandiweb_Test/vendor/magento/framework/ObjectManager/Factory/Dynamic/Developer.php(59): Magento\Framework\ObjectManager\Factory\Dynamic\Developer->_resolveArguments()
#27 /home/mohammed/Scandiweb_Test/vendor/magento/framework/ObjectManager/ObjectManager.php(73): Magento\Framework\ObjectManager\Factory\Dynamic\Developer->create()
#28 /home/mohammed/Scandiweb_Test/vendor/magento/framework/ObjectManager/Factory/AbstractFactory.php(170): Magento\Framework\ObjectManager\ObjectManager->get()
#29 /home/mohammed/Scandiweb_Test/vendor/magento/framework/ObjectManager/Factory/AbstractFactory.php(276): Magento\Framework\ObjectManager\Factory\AbstractFactory->resolveArgument()
#30 /home/mohammed/Scandiweb_Test/vendor/magento/framework/ObjectManager/Factory/AbstractFactory.php(239): Magento\Framework\ObjectManager\Factory\AbstractFactory->getResolvedArgument()
#31 /home/mohammed/Scandiweb_Test/vendor/magento/framework/ObjectManager/Factory/Dynamic/Developer.php(34): Magento\Framework\ObjectManager\Factory\AbstractFactory->resolveArgumentsInRuntime()
#32 /home/mohammed/Scandiweb_Test/vendor/magento/framework/ObjectManager/Factory/Dynamic/Developer.php(59): Magento\Framework\ObjectManager\Factory\Dynamic\Developer->_resolveArguments()
#33 /home/mohammed/Scandiweb_Test/vendor/magento/framework/ObjectManager/ObjectManager.php(73): Magento\Framework\ObjectManager\Factory\Dynamic\Developer->create()
#34 /home/mohammed/Scandiweb_Test/vendor/magento/framework/ObjectManager/Factory/AbstractFactory.php(170): Magento\Framework\ObjectManager\ObjectManager->get()
#35 /home/mohammed/Scandiweb_Test/vendor/magento/framework/ObjectManager/Factory/AbstractFactory.php(276): Magento\Framework\ObjectManager\Factory\AbstractFactory->resolveArgument()
#36 /home/mohammed/Scandiweb_Test/vendor/magento/framework/ObjectManager/Factory/AbstractFactory.php(239): Magento\Framework\ObjectManager\Factory\AbstractFactory->getResolvedArgument()
#37 /home/mohammed/Scandiweb_Test/vendor/magento/framework/ObjectManager/Factory/Dynamic/Developer.php(34): Magento\Framework\ObjectManager\Factory\AbstractFactory->resolveArgumentsInRuntime()
#38 /home/mohammed/Scandiweb_Test/vendor/magento/framework/ObjectManager/Factory/Dynamic/Developer.php(59): Magento\Framework\ObjectManager\Factory\Dynamic\Developer->_resolveArguments()
#39 /home/mohammed/Scandiweb_Test/vendor/magento/framework/ObjectManager/ObjectManager.php(73): Magento\Framework\ObjectManager\Factory\Dynamic\Developer->create()
#40 /home/mohammed/Scandiweb_Test/vendor/magento/framework/Interception/PluginList/PluginList.php(173): Magento\Framework\ObjectManager\ObjectManager->get()
#41 /home/mohammed/Scandiweb_Test/vendor/magento/framework/Interception/Interceptor.php(144): Magento\Framework\Interception\PluginList\PluginList->getPlugin()
#42 /home/mohammed/Scandiweb_Test/vendor/magento/framework/Interception/Interceptor.php(153): Magento\Framework\App\MaintenanceMode\Interceptor->Magento\Framework\Interception\{closure}()
#43 /home/mohammed/Scandiweb_Test/generated/code/Magento/Framework/App/MaintenanceMode/Interceptor.php(32): Magento\Framework\App\MaintenanceMode\Interceptor->___callPlugins()
#44 /home/mohammed/Scandiweb_Test/setup/src/Magento/Setup/Model/Installer.php(1542): Magento\Framework\App\MaintenanceMode\Interceptor->set()
#45 [internal function]: Magento\Setup\Model\Installer->setMaintenanceMode()
#46 /home/mohammed/Scandiweb_Test/setup/src/Magento/Setup/Model/Installer.php(422): call_user_func_array()
#47 /home/mohammed/Scandiweb_Test/setup/src/Magento/Setup/Console/Command/InstallCommand.php(239): Magento\Setup\Model\Installer->install()
#48 /home/mohammed/Scandiweb_Test/vendor/symfony/console/Command/Command.php(326): Magento\Setup\Console\Command\InstallCommand->execute()
#49 /home/mohammed/Scandiweb_Test/vendor/symfony/console/Application.php(1078): Symfony\Component\Console\Command\Command->run()
#50 /home/mohammed/Scandiweb_Test/vendor/symfony/console/Application.php(324): Symfony\Component\Console\Application->doRunCommand()
#51 /home/mohammed/Scandiweb_Test/vendor/magento/framework/Console/Cli.php(122): Symfony\Component\Console\Application->doRun()
#52 /home/mohammed/Scandiweb_Test/vendor/symfony/console/Application.php(175): Magento\Framework\Console\Cli->doRun()
#53 /home/mohammed/Scandiweb_Test/bin/magento(23): Symfony\Component\Console\Application->run()
#54 {main} [] []
[2025-09-16T05:51:37.868491+00:00] main.ERROR: The default website isn't defined. Set the website and try again.
#0 /home/mohammed/Scandiweb_Test/vendor/magento/module-store/Model/StoreResolver/Website.php(49): Magento\Store\Model\WebsiteRepository->getDefault()
#1 /home/mohammed/Scandiweb_Test/vendor/magento/module-store/Model/StoresData.php(67): Magento\Store\Model\StoreResolver\Website->getAllowedStoreIds()
#2 /home/mohammed/Scandiweb_Test/vendor/magento/module-store/Model/StoreResolver.php(138): Magento\Store\Model\StoresData->getStoresData()
#3 /home/mohammed/Scandiweb_Test/vendor/magento/module-store/Model/StoreResolver.php(97): Magento\Store\Model\StoreResolver->getStoresData()
#4 /home/mohammed/Scandiweb_Test/generated/code/Magento/Store/Model/StoreResolver/Proxy.php(105): Magento\Store\Model\StoreResolver->getCurrentStoreId()
#5 /home/mohammed/Scandiweb_Test/vendor/magento/module-store/Model/StoreManager.php(159): Magento\Store\Model\StoreResolver\Proxy->getCurrentStoreId()
#6 /home/mohammed/Scandiweb_Test/generated/code/Magento/Store/Model/StoreManagerInterface/Proxy.php(129): Magento\Store\Model\StoreManager->getStore()
#7 /home/mohammed/Scandiweb_Test/vendor/magento/module-store/Model/Resolver/Store.php(30): Magento\Store\Model\StoreManagerInterface\Proxy->getStore()
#8 /home/mohammed/Scandiweb_Test/vendor/magento/framework/App/Config/ScopeCodeResolver.php(49): Magento\Store\Model\Resolver\Store->getScope()
#9 /home/mohammed/Scandiweb_Test/vendor/magento/framework/App/Config.php(63): Magento\Framework\App\Config\ScopeCodeResolver->resolve()
#10 /home/mohammed/Scandiweb_Test/vendor/magento/framework/Locale/Resolver.php(110): Magento\Framework\App\Config->getValue()
#11 /home/mohammed/Scandiweb_Test/vendor/magento/framework/Locale/Resolver.php(128): Magento\Framework\Locale\Resolver->getDefaultLocale()
#12 /home/mohammed/Scandiweb_Test/vendor/magento/framework/Locale/Resolver.php(82): Magento\Framework\Locale\Resolver->setLocale()
#13 /home/mohammed/Scandiweb_Test/vendor/magento/framework/ObjectManager/Factory/AbstractFactory.php(121): Magento\Framework\Locale\Resolver->__construct()
#14 /home/mohammed/Scandiweb_Test/vendor/magento/framework/ObjectManager/Factory/Dynamic/Developer.php(66): Magento\Framework\ObjectManager\Factory\AbstractFactory->createObject()
#15 /home/mohammed/Scandiweb_Test/vendor/magento/framework/ObjectManager/ObjectManager.php(73): Magento\Framework\ObjectManager\Factory\Dynamic\Developer->create()
#16 /home/mohammed/Scandiweb_Test/vendor/magento/framework/ObjectManager/Factory/AbstractFactory.php(170): Magento\Framework\ObjectManager\ObjectManager->get()
#17 /home/mohammed/Scandiweb_Test/vendor/magento/framework/ObjectManager/Factory/AbstractFactory.php(276): Magento\Framework\ObjectManager\Factory\AbstractFactory->resolveArgument()
#18 /home/mohammed/Scandiweb_Test/vendor/magento/framework/ObjectManager/Factory/AbstractFactory.php(239): Magento\Framework\ObjectManager\Factory\AbstractFactory->getResolvedArgument()
#19 /home/mohammed/Scandiweb_Test/vendor/magento/framework/ObjectManager/Factory/Dynamic/Developer.php(34): Magento\Framework\ObjectManager\Factory\AbstractFactory->resolveArgumentsInRuntime()
#20 /home/mohammed/Scandiweb_Test/vendor/magento/framework/ObjectManager/Factory/Dynamic/Developer.php(59): Magento\Framework\ObjectManager\Factory\Dynamic\Developer->_resolveArguments()
#21 /home/mohammed/Scandiweb_Test/vendor/magento/framework/ObjectManager/ObjectManager.php(73): Magento\Framework\ObjectManager\Factory\Dynamic\Developer->create()
#22 /home/mohammed/Scandiweb_Test/vendor/magento/framework/ObjectManager/Factory/AbstractFactory.php(170): Magento\Framework\ObjectManager\ObjectManager->get()
#23 /home/mohammed/Scandiweb_Test/vendor/magento/framework/ObjectManager/Factory/AbstractFactory.php(276): Magento\Framework\ObjectManager\Factory\AbstractFactory->resolveArgument()
#24 /home/mohammed/Scandiweb_Test/vendor/magento/framework/ObjectManager/Factory/AbstractFactory.php(239): Magento\Framework\ObjectManager\Factory\AbstractFactory->getResolvedArgument()
#25 /home/mohammed/Scandiweb_Test/vendor/magento/framework/ObjectManager/Factory/Dynamic/Developer.php(34): Magento\Framework\ObjectManager\Factory\AbstractFactory->resolveArgumentsInRuntime()
#26 /home/mohammed/Scandiweb_Test/vendor/magento/framework/ObjectManager/Factory/Dynamic/Developer.php(59): Magento\Framework\ObjectManager\Factory\Dynamic\Developer->_resolveArguments()
#27 /home/mohammed/Scandiweb_Test/vendor/magento/framework/ObjectManager/ObjectManager.php(73): Magento\Framework\ObjectManager\Factory\Dynamic\Developer->create()
#28 /home/mohammed/Scandiweb_Test/vendor/magento/framework/ObjectManager/Factory/AbstractFactory.php(170): Magento\Framework\ObjectManager\ObjectManager->get()
#29 /home/mohammed/Scandiweb_Test/vendor/magento/framework/ObjectManager/Factory/AbstractFactory.php(276): Magento\Framework\ObjectManager\Factory\AbstractFactory->resolveArgument()
#30 /home/mohammed/Scandiweb_Test/vendor/magento/framework/ObjectManager/Factory/AbstractFactory.php(239): Magento\Framework\ObjectManager\Factory\AbstractFactory->getResolvedArgument()
#31 /home/mohammed/Scandiweb_Test/vendor/magento/framework/ObjectManager/Factory/Dynamic/Developer.php(34): Magento\Framework\ObjectManager\Factory\AbstractFactory->resolveArgumentsInRuntime()
#32 /home/mohammed/Scandiweb_Test/vendor/magento/framework/ObjectManager/Factory/Dynamic/Developer.php(59): Magento\Framework\ObjectManager\Factory\Dynamic\Developer->_resolveArguments()
#33 /home/mohammed/Scandiweb_Test/vendor/magento/framework/ObjectManager/ObjectManager.php(73): Magento\Framework\ObjectManager\Factory\Dynamic\Developer->create()
#34 /home/mohammed/Scandiweb_Test/vendor/magento/framework/ObjectManager/Factory/AbstractFactory.php(170): Magento\Framework\ObjectManager\ObjectManager->get()
#35 /home/mohammed/Scandiweb_Test/vendor/magento/framework/ObjectManager/Factory/AbstractFactory.php(276): Magento\Framework\ObjectManager\Factory\AbstractFactory->resolveArgument()
#36 /home/mohammed/Scandiweb_Test/vendor/magento/framework/ObjectManager/Factory/AbstractFactory.php(239): Magento\Framework\ObjectManager\Factory\AbstractFactory->getResolvedArgument()
#37 /home/mohammed/Scandiweb_Test/vendor/magento/framework/ObjectManager/Factory/Dynamic/Developer.php(34): Magento\Framework\ObjectManager\Factory\AbstractFactory->resolveArgumentsInRuntime()
#38 /home/mohammed/Scandiweb_Test/vendor/magento/framework/ObjectManager/Factory/Dynamic/Developer.php(59): Magento\Framework\ObjectManager\Factory\Dynamic\Developer->_resolveArguments()
#39 /home/mohammed/Scandiweb_Test/vendor/magento/framework/ObjectManager/ObjectManager.php(73): Magento\Framework\ObjectManager\Factory\Dynamic\Developer->create()
#40 /home/mohammed/Scandiweb_Test/vendor/magento/framework/Interception/PluginList/PluginList.php(173): Magento\Framework\ObjectManager\ObjectManager->get()
#41 /home/mohammed/Scandiweb_Test/vendor/magento/framework/Interception/Interceptor.php(144): Magento\Framework\Interception\PluginList\PluginList->getPlugin()
#42 /home/mohammed/Scandiweb_Test/vendor/magento/framework/Interception/Interceptor.php(153): Magento\Framework\App\MaintenanceMode\Interceptor->Magento\Framework\Interception\{closure}()
#43 /home/mohammed/Scandiweb_Test/generated/code/Magento/Framework/App/MaintenanceMode/Interceptor.php(32): Magento\Framework\App\MaintenanceMode\Interceptor->___callPlugins()
#44 /home/mohammed/Scandiweb_Test/setup/src/Magento/Setup/Model/Installer.php(1542): Magento\Framework\App\MaintenanceMode\Interceptor->set()
#45 [internal function]: Magento\Setup\Model\Installer->setMaintenanceMode()
#46 /home/mohammed/Scandiweb_Test/setup/src/Magento/Setup/Model/Installer.php(422): call_user_func_array()
#47 /home/mohammed/Scandiweb_Test/setup/src/Magento/Setup/Console/Command/InstallCommand.php(239): Magento\Setup\Model\Installer->install()
#48 /home/mohammed/Scandiweb_Test/vendor/symfony/console/Command/Command.php(326): Magento\Setup\Console\Command\InstallCommand->execute()
#49 /home/mohammed/Scandiweb_Test/vendor/symfony/console/Application.php(1078): Symfony\Component\Console\Command\Command->run()
#50 /home/mohammed/Scandiweb_Test/vendor/symfony/console/Application.php(324): Symfony\Component\Console\Application->doRunCommand()
#51 /home/mohammed/Scandiweb_Test/vendor/magento/framework/Console/Cli.php(122): Symfony\Component\Console\Application->doRun()
#52 /home/mohammed/Scandiweb_Test/vendor/symfony/console/Application.php(175): Magento\Framework\Console\Cli->doRun()
#53 /home/mohammed/Scandiweb_Test/bin/magento(23): Symfony\Component\Console\Application->run()
#54 {main} [] []
[2025-09-16T05:56:19.864853+00:00] main.ERROR: The default website isn't defined. Set the website and try again.
#0 /home/mohammed/Scandiweb_Test/vendor/magento/module-store/Model/StoreResolver/Website.php(49): Magento\Store\Model\WebsiteRepository->getDefault()
#1 /home/mohammed/Scandiweb_Test/vendor/magento/module-store/Model/StoresData.php(67): Magento\Store\Model\StoreResolver\Website->getAllowedStoreIds()
#2 /home/mohammed/Scandiweb_Test/vendor/magento/module-store/Model/StoreResolver.php(138): Magento\Store\Model\StoresData->getStoresData()
#3 /home/mohammed/Scandiweb_Test/vendor/magento/module-store/Model/StoreResolver.php(97): Magento\Store\Model\StoreResolver->getStoresData()
#4 /home/mohammed/Scandiweb_Test/generated/code/Magento/Store/Model/StoreResolver/Proxy.php(105): Magento\Store\Model\StoreResolver->getCurrentStoreId()
#5 /home/mohammed/Scandiweb_Test/vendor/magento/module-store/Model/StoreManager.php(159): Magento\Store\Model\StoreResolver\Proxy->getCurrentStoreId()
#6 /home/mohammed/Scandiweb_Test/generated/code/Magento/Store/Model/StoreManagerInterface/Proxy.php(129): Magento\Store\Model\StoreManager->getStore()
#7 /home/mohammed/Scandiweb_Test/vendor/magento/module-store/Model/Resolver/Store.php(30): Magento\Store\Model\StoreManagerInterface\Proxy->getStore()
#8 /home/mohammed/Scandiweb_Test/vendor/magento/framework/App/Config/ScopeCodeResolver.php(49): Magento\Store\Model\Resolver\Store->getScope()
#9 /home/mohammed/Scandiweb_Test/vendor/magento/framework/App/Config.php(63): Magento\Framework\App\Config\ScopeCodeResolver->resolve()
#10 /home/mohammed/Scandiweb_Test/vendor/magento/framework/Locale/Resolver.php(110): Magento\Framework\App\Config->getValue()
#11 /home/mohammed/Scandiweb_Test/vendor/magento/framework/Locale/Resolver.php(128): Magento\Framework\Locale\Resolver->getDefaultLocale()
#12 /home/mohammed/Scandiweb_Test/vendor/magento/framework/Locale/Resolver.php(82): Magento\Framework\Locale\Resolver->setLocale()
#13 /home/mohammed/Scandiweb_Test/vendor/magento/framework/ObjectManager/Factory/AbstractFactory.php(121): Magento\Framework\Locale\Resolver->__construct()
#14 /home/mohammed/Scandiweb_Test/vendor/magento/framework/ObjectManager/Factory/Dynamic/Developer.php(66): Magento\Framework\ObjectManager\Factory\AbstractFactory->createObject()
#15 /home/mohammed/Scandiweb_Test/vendor/magento/framework/ObjectManager/ObjectManager.php(73): Magento\Framework\ObjectManager\Factory\Dynamic\Developer->create()
#16 /home/mohammed/Scandiweb_Test/vendor/magento/framework/ObjectManager/Factory/AbstractFactory.php(170): Magento\Framework\ObjectManager\ObjectManager->get()
#17 /home/mohammed/Scandiweb_Test/vendor/magento/framework/ObjectManager/Factory/AbstractFactory.php(276): Magento\Framework\ObjectManager\Factory\AbstractFactory->resolveArgument()
#18 /home/mohammed/Scandiweb_Test/vendor/magento/framework/ObjectManager/Factory/AbstractFactory.php(239): Magento\Framework\ObjectManager\Factory\AbstractFactory->getResolvedArgument()
#19 /home/mohammed/Scandiweb_Test/vendor/magento/framework/ObjectManager/Factory/Dynamic/Developer.php(34): Magento\Framework\ObjectManager\Factory\AbstractFactory->resolveArgumentsInRuntime()
#20 /home/mohammed/Scandiweb_Test/vendor/magento/framework/ObjectManager/Factory/Dynamic/Developer.php(59): Magento\Framework\ObjectManager\Factory\Dynamic\Developer->_resolveArguments()
#21 /home/mohammed/Scandiweb_Test/vendor/magento/framework/ObjectManager/ObjectManager.php(73): Magento\Framework\ObjectManager\Factory\Dynamic\Developer->create()
#22 /home/mohammed/Scandiweb_Test/vendor/magento/framework/ObjectManager/Factory/AbstractFactory.php(170): Magento\Framework\ObjectManager\ObjectManager->get()
#23 /home/mohammed/Scandiweb_Test/vendor/magento/framework/ObjectManager/Factory/AbstractFactory.php(276): Magento\Framework\ObjectManager\Factory\AbstractFactory->resolveArgument()
#24 /home/mohammed/Scandiweb_Test/vendor/magento/framework/ObjectManager/Factory/AbstractFactory.php(239): Magento\Framework\ObjectManager\Factory\AbstractFactory->getResolvedArgument()
#25 /home/mohammed/Scandiweb_Test/vendor/magento/framework/ObjectManager/Factory/Dynamic/Developer.php(34): Magento\Framework\ObjectManager\Factory\AbstractFactory->resolveArgumentsInRuntime()
#26 /home/mohammed/Scandiweb_Test/vendor/magento/framework/ObjectManager/Factory/Dynamic/Developer.php(59): Magento\Framework\ObjectManager\Factory\Dynamic\Developer->_resolveArguments()
#27 /home/mohammed/Scandiweb_Test/vendor/magento/framework/ObjectManager/ObjectManager.php(73): Magento\Framework\ObjectManager\Factory\Dynamic\Developer->create()
#28 /home/mohammed/Scandiweb_Test/vendor/magento/framework/ObjectManager/Factory/AbstractFactory.php(170): Magento\Framework\ObjectManager\ObjectManager->get()
#29 /home/mohammed/Scandiweb_Test/vendor/magento/framework/ObjectManager/Factory/AbstractFactory.php(276): Magento\Framework\ObjectManager\Factory\AbstractFactory->resolveArgument()
#30 /home/mohammed/Scandiweb_Test/vendor/magento/framework/ObjectManager/Factory/AbstractFactory.php(239): Magento\Framework\ObjectManager\Factory\AbstractFactory->getResolvedArgument()
#31 /home/mohammed/Scandiweb_Test/vendor/magento/framework/ObjectManager/Factory/Dynamic/Developer.php(34): Magento\Framework\ObjectManager\Factory\AbstractFactory->resolveArgumentsInRuntime()
#32 /home/mohammed/Scandiweb_Test/vendor/magento/framework/ObjectManager/Factory/Dynamic/Developer.php(59): Magento\Framework\ObjectManager\Factory\Dynamic\Developer->_resolveArguments()
#33 /home/mohammed/Scandiweb_Test/vendor/magento/framework/ObjectManager/ObjectManager.php(73): Magento\Framework\ObjectManager\Factory\Dynamic\Developer->create()
#34 /home/mohammed/Scandiweb_Test/vendor/magento/framework/ObjectManager/Factory/AbstractFactory.php(170): Magento\Framework\ObjectManager\ObjectManager->get()
#35 /home/mohammed/Scandiweb_Test/vendor/magento/framework/ObjectManager/Factory/AbstractFactory.php(276): Magento\Framework\ObjectManager\Factory\AbstractFactory->resolveArgument()
#36 /home/mohammed/Scandiweb_Test/vendor/magento/framework/ObjectManager/Factory/AbstractFactory.php(239): Magento\Framework\ObjectManager\Factory\AbstractFactory->getResolvedArgument()
#37 /home/mohammed/Scandiweb_Test/vendor/magento/framework/ObjectManager/Factory/Dynamic/Developer.php(34): Magento\Framework\ObjectManager\Factory\AbstractFactory->resolveArgumentsInRuntime()
#38 /home/mohammed/Scandiweb_Test/vendor/magento/framework/ObjectManager/Factory/Dynamic/Developer.php(59): Magento\Framework\ObjectManager\Factory\Dynamic\Developer->_resolveArguments()
#39 /home/mohammed/Scandiweb_Test/vendor/magento/framework/ObjectManager/ObjectManager.php(73): Magento\Framework\ObjectManager\Factory\Dynamic\Developer->create()
#40 /home/mohammed/Scandiweb_Test/vendor/magento/framework/Interception/PluginList/PluginList.php(173): Magento\Framework\ObjectManager\ObjectManager->get()
#41 /home/mohammed/Scandiweb_Test/vendor/magento/framework/Interception/Interceptor.php(144): Magento\Framework\Interception\PluginList\PluginList->getPlugin()
#42 /home/mohammed/Scandiweb_Test/vendor/magento/framework/Interception/Interceptor.php(153): Magento\Framework\App\MaintenanceMode\Interceptor->Magento\Framework\Interception\{closure}()
#43 /home/mohammed/Scandiweb_Test/generated/code/Magento/Framework/App/MaintenanceMode/Interceptor.php(32): Magento\Framework\App\MaintenanceMode\Interceptor->___callPlugins()
#44 /home/mohammed/Scandiweb_Test/setup/src/Magento/Setup/Model/Installer.php(1542): Magento\Framework\App\MaintenanceMode\Interceptor->set()
#45 [internal function]: Magento\Setup\Model\Installer->setMaintenanceMode()
#46 /home/mohammed/Scandiweb_Test/setup/src/Magento/Setup/Model/Installer.php(422): call_user_func_array()
#47 /home/mohammed/Scandiweb_Test/setup/src/Magento/Setup/Console/Command/InstallCommand.php(239): Magento\Setup\Model\Installer->install()
#48 /home/mohammed/Scandiweb_Test/vendor/symfony/console/Command/Command.php(326): Magento\Setup\Console\Command\InstallCommand->execute()
#49 /home/mohammed/Scandiweb_Test/vendor/symfony/console/Application.php(1078): Symfony\Component\Console\Command\Command->run()
#50 /home/mohammed/Scandiweb_Test/vendor/symfony/console/Application.php(324): Symfony\Component\Console\Application->doRunCommand()
#51 /home/mohammed/Scandiweb_Test/vendor/magento/framework/Console/Cli.php(122): Symfony\Component\Console\Application->doRun()
#52 /home/mohammed/Scandiweb_Test/vendor/symfony/console/Application.php(175): Magento\Framework\Console\Cli->doRun()
#53 /home/mohammed/Scandiweb_Test/bin/magento(23): Symfony\Component\Console\Application->run()
#54 {main} [] []
[2025-09-16T05:56:21.427206+00:00] main.ERROR: The default website isn't defined. Set the website and try again.
#0 /home/mohammed/Scandiweb_Test/vendor/magento/module-store/Model/StoreResolver/Website.php(49): Magento\Store\Model\WebsiteRepository->getDefault()
#1 /home/mohammed/Scandiweb_Test/vendor/magento/module-store/Model/StoresData.php(67): Magento\Store\Model\StoreResolver\Website->getAllowedStoreIds()
#2 /home/mohammed/Scandiweb_Test/vendor/magento/module-store/Model/StoreResolver.php(138): Magento\Store\Model\StoresData->getStoresData()
#3 /home/mohammed/Scandiweb_Test/vendor/magento/module-store/Model/StoreResolver.php(97): Magento\Store\Model\StoreResolver->getStoresData()
#4 /home/mohammed/Scandiweb_Test/generated/code/Magento/Store/Model/StoreResolver/Proxy.php(105): Magento\Store\Model\StoreResolver->getCurrentStoreId()
#5 /home/mohammed/Scandiweb_Test/vendor/magento/module-store/Model/StoreManager.php(159): Magento\Store\Model\StoreResolver\Proxy->getCurrentStoreId()
#6 /home/mohammed/Scandiweb_Test/generated/code/Magento/Store/Model/StoreManagerInterface/Proxy.php(129): Magento\Store\Model\StoreManager->getStore()
#7 /home/mohammed/Scandiweb_Test/vendor/magento/module-store/Model/Resolver/Store.php(30): Magento\Store\Model\StoreManagerInterface\Proxy->getStore()
#8 /home/mohammed/Scandiweb_Test/vendor/magento/framework/App/Config/ScopeCodeResolver.php(49): Magento\Store\Model\Resolver\Store->getScope()
#9 /home/mohammed/Scandiweb_Test/vendor/magento/framework/App/Config.php(63): Magento\Framework\App\Config\ScopeCodeResolver->resolve()
#10 /home/mohammed/Scandiweb_Test/vendor/magento/framework/Locale/Resolver.php(110): Magento\Framework\App\Config->getValue()
#11 /home/mohammed/Scandiweb_Test/vendor/magento/framework/Locale/Resolver.php(128): Magento\Framework\Locale\Resolver->getDefaultLocale()
#12 /home/mohammed/Scandiweb_Test/vendor/magento/framework/Locale/Resolver.php(82): Magento\Framework\Locale\Resolver->setLocale()
#13 /home/mohammed/Scandiweb_Test/vendor/magento/framework/ObjectManager/Factory/AbstractFactory.php(121): Magento\Framework\Locale\Resolver->__construct()
#14 /home/mohammed/Scandiweb_Test/vendor/magento/framework/ObjectManager/Factory/Dynamic/Developer.php(66): Magento\Framework\ObjectManager\Factory\AbstractFactory->createObject()
#15 /home/mohammed/Scandiweb_Test/vendor/magento/framework/ObjectManager/ObjectManager.php(73): Magento\Framework\ObjectManager\Factory\Dynamic\Developer->create()
#16 /home/mohammed/Scandiweb_Test/vendor/magento/framework/ObjectManager/Factory/AbstractFactory.php(170): Magento\Framework\ObjectManager\ObjectManager->get()
#17 /home/mohammed/Scandiweb_Test/vendor/magento/framework/ObjectManager/Factory/AbstractFactory.php(276): Magento\Framework\ObjectManager\Factory\AbstractFactory->resolveArgument()
#18 /home/mohammed/Scandiweb_Test/vendor/magento/framework/ObjectManager/Factory/AbstractFactory.php(239): Magento\Framework\ObjectManager\Factory\AbstractFactory->getResolvedArgument()
#19 /home/mohammed/Scandiweb_Test/vendor/magento/framework/ObjectManager/Factory/Dynamic/Developer.php(34): Magento\Framework\ObjectManager\Factory\AbstractFactory->resolveArgumentsInRuntime()
#20 /home/mohammed/Scandiweb_Test/vendor/magento/framework/ObjectManager/Factory/Dynamic/Developer.php(59): Magento\Framework\ObjectManager\Factory\Dynamic\Developer->_resolveArguments()
#21 /home/mohammed/Scandiweb_Test/vendor/magento/framework/ObjectManager/ObjectManager.php(73): Magento\Framework\ObjectManager\Factory\Dynamic\Developer->create()
#22 /home/mohammed/Scandiweb_Test/vendor/magento/framework/ObjectManager/Factory/AbstractFactory.php(170): Magento\Framework\ObjectManager\ObjectManager->get()
#23 /home/mohammed/Scandiweb_Test/vendor/magento/framework/ObjectManager/Factory/AbstractFactory.php(276): Magento\Framework\ObjectManager\Factory\AbstractFactory->resolveArgument()
#24 /home/mohammed/Scandiweb_Test/vendor/magento/framework/ObjectManager/Factory/AbstractFactory.php(239): Magento\Framework\ObjectManager\Factory\AbstractFactory->getResolvedArgument()
#25 /home/mohammed/Scandiweb_Test/vendor/magento/framework/ObjectManager/Factory/Dynamic/Developer.php(34): Magento\Framework\ObjectManager\Factory\AbstractFactory->resolveArgumentsInRuntime()
#26 /home/mohammed/Scandiweb_Test/vendor/magento/framework/ObjectManager/Factory/Dynamic/Developer.php(59): Magento\Framework\ObjectManager\Factory\Dynamic\Developer->_resolveArguments()
#27 /home/mohammed/Scandiweb_Test/vendor/magento/framework/ObjectManager/ObjectManager.php(73): Magento\Framework\ObjectManager\Factory\Dynamic\Developer->create()
#28 /home/mohammed/Scandiweb_Test/vendor/magento/framework/ObjectManager/Factory/AbstractFactory.php(170): Magento\Framework\ObjectManager\ObjectManager->get()
#29 /home/mohammed/Scandiweb_Test/vendor/magento/framework/ObjectManager/Factory/AbstractFactory.php(276): Magento\Framework\ObjectManager\Factory\AbstractFactory->resolveArgument()
#30 /home/mohammed/Scandiweb_Test/vendor/magento/framework/ObjectManager/Factory/AbstractFactory.php(239): Magento\Framework\ObjectManager\Factory\AbstractFactory->getResolvedArgument()
#31 /home/mohammed/Scandiweb_Test/vendor/magento/framework/ObjectManager/Factory/Dynamic/Developer.php(34): Magento\Framework\ObjectManager\Factory\AbstractFactory->resolveArgumentsInRuntime()
#32 /home/mohammed/Scandiweb_Test/vendor/magento/framework/ObjectManager/Factory/Dynamic/Developer.php(59): Magento\Framework\ObjectManager\Factory\Dynamic\Developer->_resolveArguments()
#33 /home/mohammed/Scandiweb_Test/vendor/magento/framework/ObjectManager/ObjectManager.php(73): Magento\Framework\ObjectManager\Factory\Dynamic\Developer->create()
#34 /home/mohammed/Scandiweb_Test/vendor/magento/framework/ObjectManager/Factory/AbstractFactory.php(170): Magento\Framework\ObjectManager\ObjectManager->get()
#35 /home/mohammed/Scandiweb_Test/vendor/magento/framework/ObjectManager/Factory/AbstractFactory.php(276): Magento\Framework\ObjectManager\Factory\AbstractFactory->resolveArgument()
#36 /home/mohammed/Scandiweb_Test/vendor/magento/framework/ObjectManager/Factory/AbstractFactory.php(239): Magento\Framework\ObjectManager\Factory\AbstractFactory->getResolvedArgument()
#37 /home/mohammed/Scandiweb_Test/vendor/magento/framework/ObjectManager/Factory/Dynamic/Developer.php(34): Magento\Framework\ObjectManager\Factory\AbstractFactory->resolveArgumentsInRuntime()
#38 /home/mohammed/Scandiweb_Test/vendor/magento/framework/ObjectManager/Factory/Dynamic/Developer.php(59): Magento\Framework\ObjectManager\Factory\Dynamic\Developer->_resolveArguments()
#39 /home/mohammed/Scandiweb_Test/vendor/magento/framework/ObjectManager/ObjectManager.php(73): Magento\Framework\ObjectManager\Factory\Dynamic\Developer->create()
#40 /home/mohammed/Scandiweb_Test/vendor/magento/framework/Interception/PluginList/PluginList.php(173): Magento\Framework\ObjectManager\ObjectManager->get()
#41 /home/mohammed/Scandiweb_Test/vendor/magento/framework/Interception/Interceptor.php(144): Magento\Framework\Interception\PluginList\PluginList->getPlugin()
#42 /home/mohammed/Scandiweb_Test/vendor/magento/framework/Interception/Interceptor.php(153): Magento\Framework\App\MaintenanceMode\Interceptor->Magento\Framework\Interception\{closure}()
#43 /home/mohammed/Scandiweb_Test/generated/code/Magento/Framework/App/MaintenanceMode/Interceptor.php(32): Magento\Framework\App\MaintenanceMode\Interceptor->___callPlugins()
#44 /home/mohammed/Scandiweb_Test/setup/src/Magento/Setup/Model/Installer.php(1542): Magento\Framework\App\MaintenanceMode\Interceptor->set()
#45 [internal function]: Magento\Setup\Model\Installer->setMaintenanceMode()
#46 /home/mohammed/Scandiweb_Test/setup/src/Magento/Setup/Model/Installer.php(422): call_user_func_array()
#47 /home/mohammed/Scandiweb_Test/setup/src/Magento/Setup/Console/Command/InstallCommand.php(239): Magento\Setup\Model\Installer->install()
#48 /home/mohammed/Scandiweb_Test/vendor/symfony/console/Command/Command.php(326): Magento\Setup\Console\Command\InstallCommand->execute()
#49 /home/mohammed/Scandiweb_Test/vendor/symfony/console/Application.php(1078): Symfony\Component\Console\Command\Command->run()
#50 /home/mohammed/Scandiweb_Test/vendor/symfony/console/Application.php(324): Symfony\Component\Console\Application->doRunCommand()
#51 /home/mohammed/Scandiweb_Test/vendor/magento/framework/Console/Cli.php(122): Symfony\Component\Console\Application->doRun()
#52 /home/mohammed/Scandiweb_Test/vendor/symfony/console/Application.php(175): Magento\Framework\Console\Cli->doRun()
#53 /home/mohammed/Scandiweb_Test/bin/magento(23): Symfony\Component\Console\Application->run()
#54 {main} [] []
[2025-09-16T06:00:42.965441+00:00] main.ERROR: The default website isn't defined. Set the website and try again.
#0 /home/mohammed/Scandiweb_Test/vendor/magento/module-store/Model/StoreResolver/Website.php(49): Magento\Store\Model\WebsiteRepository->getDefault()
#1 /home/mohammed/Scandiweb_Test/vendor/magento/module-store/Model/StoresData.php(67): Magento\Store\Model\StoreResolver\Website->getAllowedStoreIds()
#2 /home/mohammed/Scandiweb_Test/vendor/magento/module-store/Model/StoreResolver.php(138): Magento\Store\Model\StoresData->getStoresData()
#3 /home/mohammed/Scandiweb_Test/vendor/magento/module-store/Model/StoreResolver.php(97): Magento\Store\Model\StoreResolver->getStoresData()
#4 /home/mohammed/Scandiweb_Test/generated/code/Magento/Store/Model/StoreResolver/Proxy.php(105): Magento\Store\Model\StoreResolver->getCurrentStoreId()
#5 /home/mohammed/Scandiweb_Test/vendor/magento/module-store/Model/StoreManager.php(159): Magento\Store\Model\StoreResolver\Proxy->getCurrentStoreId()
#6 /home/mohammed/Scandiweb_Test/generated/code/Magento/Store/Model/StoreManagerInterface/Proxy.php(129): Magento\Store\Model\StoreManager->getStore()
#7 /home/mohammed/Scandiweb_Test/vendor/magento/module-store/Model/Resolver/Store.php(30): Magento\Store\Model\StoreManagerInterface\Proxy->getStore()
#8 /home/mohammed/Scandiweb_Test/vendor/magento/framework/App/Config/ScopeCodeResolver.php(49): Magento\Store\Model\Resolver\Store->getScope()
#9 /home/mohammed/Scandiweb_Test/vendor/magento/framework/App/Config.php(63): Magento\Framework\App\Config\ScopeCodeResolver->resolve()
#10 /home/mohammed/Scandiweb_Test/vendor/magento/framework/Locale/Resolver.php(110): Magento\Framework\App\Config->getValue()
#11 /home/mohammed/Scandiweb_Test/vendor/magento/framework/Locale/Resolver.php(128): Magento\Framework\Locale\Resolver->getDefaultLocale()
#12 /home/mohammed/Scandiweb_Test/vendor/magento/framework/Locale/Resolver.php(82): Magento\Framework\Locale\Resolver->setLocale()
#13 /home/mohammed/Scandiweb_Test/vendor/magento/framework/ObjectManager/Factory/AbstractFactory.php(121): Magento\Framework\Locale\Resolver->__construct()
#14 /home/mohammed/Scandiweb_Test/vendor/magento/framework/ObjectManager/Factory/Dynamic/Developer.php(66): Magento\Framework\ObjectManager\Factory\AbstractFactory->createObject()
#15 /home/mohammed/Scandiweb_Test/vendor/magento/framework/ObjectManager/ObjectManager.php(73): Magento\Framework\ObjectManager\Factory\Dynamic\Developer->create()
#16 /home/mohammed/Scandiweb_Test/vendor/magento/framework/ObjectManager/Factory/AbstractFactory.php(170): Magento\Framework\ObjectManager\ObjectManager->get()
#17 /home/mohammed/Scandiweb_Test/vendor/magento/framework/ObjectManager/Factory/AbstractFactory.php(276): Magento\Framework\ObjectManager\Factory\AbstractFactory->resolveArgument()
#18 /home/mohammed/Scandiweb_Test/vendor/magento/framework/ObjectManager/Factory/AbstractFactory.php(239): Magento\Framework\ObjectManager\Factory\AbstractFactory->getResolvedArgument()
#19 /home/mohammed/Scandiweb_Test/vendor/magento/framework/ObjectManager/Factory/Dynamic/Developer.php(34): Magento\Framework\ObjectManager\Factory\AbstractFactory->resolveArgumentsInRuntime()
#20 /home/mohammed/Scandiweb_Test/vendor/magento/framework/ObjectManager/Factory/Dynamic/Developer.php(59): Magento\Framework\ObjectManager\Factory\Dynamic\Developer->_resolveArguments()
#21 /home/mohammed/Scandiweb_Test/vendor/magento/framework/ObjectManager/ObjectManager.php(73): Magento\Framework\ObjectManager\Factory\Dynamic\Developer->create()
#22 /home/mohammed/Scandiweb_Test/vendor/magento/framework/ObjectManager/Factory/AbstractFactory.php(170): Magento\Framework\ObjectManager\ObjectManager->get()
#23 /home/mohammed/Scandiweb_Test/vendor/magento/framework/ObjectManager/Factory/AbstractFactory.php(276): Magento\Framework\ObjectManager\Factory\AbstractFactory->resolveArgument()
#24 /home/mohammed/Scandiweb_Test/vendor/magento/framework/ObjectManager/Factory/AbstractFactory.php(239): Magento\Framework\ObjectManager\Factory\AbstractFactory->getResolvedArgument()
#25 /home/mohammed/Scandiweb_Test/vendor/magento/framework/ObjectManager/Factory/Dynamic/Developer.php(34): Magento\Framework\ObjectManager\Factory\AbstractFactory->resolveArgumentsInRuntime()
#26 /home/mohammed/Scandiweb_Test/vendor/magento/framework/ObjectManager/Factory/Dynamic/Developer.php(59): Magento\Framework\ObjectManager\Factory\Dynamic\Developer->_resolveArguments()
#27 /home/mohammed/Scandiweb_Test/vendor/magento/framework/ObjectManager/ObjectManager.php(73): Magento\Framework\ObjectManager\Factory\Dynamic\Developer->create()
#28 /home/mohammed/Scandiweb_Test/vendor/magento/framework/ObjectManager/Factory/AbstractFactory.php(170): Magento\Framework\ObjectManager\ObjectManager->get()
#29 /home/mohammed/Scandiweb_Test/vendor/magento/framework/ObjectManager/Factory/AbstractFactory.php(276): Magento\Framework\ObjectManager\Factory\AbstractFactory->resolveArgument()
#30 /home/mohammed/Scandiweb_Test/vendor/magento/framework/ObjectManager/Factory/AbstractFactory.php(239): Magento\Framework\ObjectManager\Factory\AbstractFactory->getResolvedArgument()
#31 /home/mohammed/Scandiweb_Test/vendor/magento/framework/ObjectManager/Factory/Dynamic/Developer.php(34): Magento\Framework\ObjectManager\Factory\AbstractFactory->resolveArgumentsInRuntime()
#32 /home/mohammed/Scandiweb_Test/vendor/magento/framework/ObjectManager/Factory/Dynamic/Developer.php(59): Magento\Framework\ObjectManager\Factory\Dynamic\Developer->_resolveArguments()
#33 /home/mohammed/Scandiweb_Test/vendor/magento/framework/ObjectManager/ObjectManager.php(73): Magento\Framework\ObjectManager\Factory\Dynamic\Developer->create()
#34 /home/mohammed/Scandiweb_Test/vendor/magento/framework/ObjectManager/Factory/AbstractFactory.php(170): Magento\Framework\ObjectManager\ObjectManager->get()
#35 /home/mohammed/Scandiweb_Test/vendor/magento/framework/ObjectManager/Factory/AbstractFactory.php(276): Magento\Framework\ObjectManager\Factory\AbstractFactory->resolveArgument()
#36 /home/mohammed/Scandiweb_Test/vendor/magento/framework/ObjectManager/Factory/AbstractFactory.php(239): Magento\Framework\ObjectManager\Factory\AbstractFactory->getResolvedArgument()
#37 /home/mohammed/Scandiweb_Test/vendor/magento/framework/ObjectManager/Factory/Dynamic/Developer.php(34): Magento\Framework\ObjectManager\Factory\AbstractFactory->resolveArgumentsInRuntime()
#38 /home/mohammed/Scandiweb_Test/vendor/magento/framework/ObjectManager/Factory/Dynamic/Developer.php(59): Magento\Framework\ObjectManager\Factory\Dynamic\Developer->_resolveArguments()
#39 /home/mohammed/Scandiweb_Test/vendor/magento/framework/ObjectManager/ObjectManager.php(73): Magento\Framework\ObjectManager\Factory\Dynamic\Developer->create()
#40 /home/mohammed/Scandiweb_Test/vendor/magento/framework/Interception/PluginList/PluginList.php(173): Magento\Framework\ObjectManager\ObjectManager->get()
#41 /home/mohammed/Scandiweb_Test/vendor/magento/framework/Interception/Interceptor.php(144): Magento\Framework\Interception\PluginList\PluginList->getPlugin()
#42 /home/mohammed/Scandiweb_Test/vendor/magento/framework/Interception/Interceptor.php(153): Magento\Framework\App\MaintenanceMode\Interceptor->Magento\Framework\Interception\{closure}()
#43 /home/mohammed/Scandiweb_Test/generated/code/Magento/Framework/App/MaintenanceMode/Interceptor.php(32): Magento\Framework\App\MaintenanceMode\Interceptor->___callPlugins()
#44 /home/mohammed/Scandiweb_Test/setup/src/Magento/Setup/Model/Installer.php(1542): Magento\Framework\App\MaintenanceMode\Interceptor->set()
#45 [internal function]: Magento\Setup\Model\Installer->setMaintenanceMode()
#46 /home/mohammed/Scandiweb_Test/setup/src/Magento/Setup/Model/Installer.php(422): call_user_func_array()
#47 /home/mohammed/Scandiweb_Test/setup/src/Magento/Setup/Console/Command/InstallCommand.php(239): Magento\Setup\Model\Installer->install()
#48 /home/mohammed/Scandiweb_Test/vendor/symfony/console/Command/Command.php(326): Magento\Setup\Console\Command\InstallCommand->execute()
#49 /home/mohammed/Scandiweb_Test/vendor/symfony/console/Application.php(1078): Symfony\Component\Console\Command\Command->run()
#50 /home/mohammed/Scandiweb_Test/vendor/symfony/console/Application.php(324): Symfony\Component\Console\Application->doRunCommand()
#51 /home/mohammed/Scandiweb_Test/vendor/magento/framework/Console/Cli.php(122): Symfony\Component\Console\Application->doRun()
#52 /home/mohammed/Scandiweb_Test/vendor/symfony/console/Application.php(175): Magento\Framework\Console\Cli->doRun()
#53 /home/mohammed/Scandiweb_Test/bin/magento(23): Symfony\Component\Console\Application->run()
#54 {main} [] []
[2025-09-16T06:00:44.900706+00:00] main.ERROR: The default website isn't defined. Set the website and try again.
#0 /home/mohammed/Scandiweb_Test/vendor/magento/module-store/Model/StoreResolver/Website.php(49): Magento\Store\Model\WebsiteRepository->getDefault()
#1 /home/mohammed/Scandiweb_Test/vendor/magento/module-store/Model/StoresData.php(67): Magento\Store\Model\StoreResolver\Website->getAllowedStoreIds()
#2 /home/mohammed/Scandiweb_Test/vendor/magento/module-store/Model/StoreResolver.php(138): Magento\Store\Model\StoresData->getStoresData()
#3 /home/mohammed/Scandiweb_Test/vendor/magento/module-store/Model/StoreResolver.php(97): Magento\Store\Model\StoreResolver->getStoresData()
#4 /home/mohammed/Scandiweb_Test/generated/code/Magento/Store/Model/StoreResolver/Proxy.php(105): Magento\Store\Model\StoreResolver->getCurrentStoreId()
#5 /home/mohammed/Scandiweb_Test/vendor/magento/module-store/Model/StoreManager.php(159): Magento\Store\Model\StoreResolver\Proxy->getCurrentStoreId()
#6 /home/mohammed/Scandiweb_Test/generated/code/Magento/Store/Model/StoreManagerInterface/Proxy.php(129): Magento\Store\Model\StoreManager->getStore()
#7 /home/mohammed/Scandiweb_Test/vendor/magento/module-store/Model/Resolver/Store.php(30): Magento\Store\Model\StoreManagerInterface\Proxy->getStore()
#8 /home/mohammed/Scandiweb_Test/vendor/magento/framework/App/Config/ScopeCodeResolver.php(49): Magento\Store\Model\Resolver\Store->getScope()
#9 /home/mohammed/Scandiweb_Test/vendor/magento/framework/App/Config.php(63): Magento\Framework\App\Config\ScopeCodeResolver->resolve()
#10 /home/mohammed/Scandiweb_Test/vendor/magento/framework/Locale/Resolver.php(110): Magento\Framework\App\Config->getValue()
#11 /home/mohammed/Scandiweb_Test/vendor/magento/framework/Locale/Resolver.php(128): Magento\Framework\Locale\Resolver->getDefaultLocale()
#12 /home/mohammed/Scandiweb_Test/vendor/magento/framework/Locale/Resolver.php(82): Magento\Framework\Locale\Resolver->setLocale()
#13 /home/mohammed/Scandiweb_Test/vendor/magento/framework/ObjectManager/Factory/AbstractFactory.php(121): Magento\Framework\Locale\Resolver->__construct()
#14 /home/mohammed/Scandiweb_Test/vendor/magento/framework/ObjectManager/Factory/Dynamic/Developer.php(66): Magento\Framework\ObjectManager\Factory\AbstractFactory->createObject()
#15 /home/mohammed/Scandiweb_Test/vendor/magento/framework/ObjectManager/ObjectManager.php(73): Magento\Framework\ObjectManager\Factory\Dynamic\Developer->create()
#16 /home/mohammed/Scandiweb_Test/vendor/magento/framework/ObjectManager/Factory/AbstractFactory.php(170): Magento\Framework\ObjectManager\ObjectManager->get()
#17 /home/mohammed/Scandiweb_Test/vendor/magento/framework/ObjectManager/Factory/AbstractFactory.php(276): Magento\Framework\ObjectManager\Factory\AbstractFactory->resolveArgument()
#18 /home/mohammed/Scandiweb_Test/vendor/magento/framework/ObjectManager/Factory/AbstractFactory.php(239): Magento\Framework\ObjectManager\Factory\AbstractFactory->getResolvedArgument()
#19 /home/mohammed/Scandiweb_Test/vendor/magento/framework/ObjectManager/Factory/Dynamic/Developer.php(34): Magento\Framework\ObjectManager\Factory\AbstractFactory->resolveArgumentsInRuntime()
#20 /home/mohammed/Scandiweb_Test/vendor/magento/framework/ObjectManager/Factory/Dynamic/Developer.php(59): Magento\Framework\ObjectManager\Factory\Dynamic\Developer->_resolveArguments()
#21 /home/mohammed/Scandiweb_Test/vendor/magento/framework/ObjectManager/ObjectManager.php(73): Magento\Framework\ObjectManager\Factory\Dynamic\Developer->create()
#22 /home/mohammed/Scandiweb_Test/vendor/magento/framework/ObjectManager/Factory/AbstractFactory.php(170): Magento\Framework\ObjectManager\ObjectManager->get()
#23 /home/mohammed/Scandiweb_Test/vendor/magento/framework/ObjectManager/Factory/AbstractFactory.php(276): Magento\Framework\ObjectManager\Factory\AbstractFactory->resolveArgument()
#24 /home/mohammed/Scandiweb_Test/vendor/magento/framework/ObjectManager/Factory/AbstractFactory.php(239): Magento\Framework\ObjectManager\Factory\AbstractFactory->getResolvedArgument()
#25 /home/mohammed/Scandiweb_Test/vendor/magento/framework/ObjectManager/Factory/Dynamic/Developer.php(34): Magento\Framework\ObjectManager\Factory\AbstractFactory->resolveArgumentsInRuntime()
#26 /home/mohammed/Scandiweb_Test/vendor/magento/framework/ObjectManager/Factory/Dynamic/Developer.php(59): Magento\Framework\ObjectManager\Factory\Dynamic\Developer->_resolveArguments()
#27 /home/mohammed/Scandiweb_Test/vendor/magento/framework/ObjectManager/ObjectManager.php(73): Magento\Framework\ObjectManager\Factory\Dynamic\Developer->create()
#28 /home/mohammed/Scandiweb_Test/vendor/magento/framework/ObjectManager/Factory/AbstractFactory.php(170): Magento\Framework\ObjectManager\ObjectManager->get()
#29 /home/mohammed/Scandiweb_Test/vendor/magento/framework/ObjectManager/Factory/AbstractFactory.php(276): Magento\Framework\ObjectManager\Factory\AbstractFactory->resolveArgument()
#30 /home/mohammed/Scandiweb_Test/vendor/magento/framework/ObjectManager/Factory/AbstractFactory.php(239): Magento\Framework\ObjectManager\Factory\AbstractFactory->getResolvedArgument()
#31 /home/mohammed/Scandiweb_Test/vendor/magento/framework/ObjectManager/Factory/Dynamic/Developer.php(34): Magento\Framework\ObjectManager\Factory\AbstractFactory->resolveArgumentsInRuntime()
#32 /home/mohammed/Scandiweb_Test/vendor/magento/framework/ObjectManager/Factory/Dynamic/Developer.php(59): Magento\Framework\ObjectManager\Factory\Dynamic\Developer->_resolveArguments()
#33 /home/mohammed/Scandiweb_Test/vendor/magento/framework/ObjectManager/ObjectManager.php(73): Magento\Framework\ObjectManager\Factory\Dynamic\Developer->create()
#34 /home/mohammed/Scandiweb_Test/vendor/magento/framework/ObjectManager/Factory/AbstractFactory.php(170): Magento\Framework\ObjectManager\ObjectManager->get()
#35 /home/mohammed/Scandiweb_Test/vendor/magento/framework/ObjectManager/Factory/AbstractFactory.php(276): Magento\Framework\ObjectManager\Factory\AbstractFactory->resolveArgument()
#36 /home/mohammed/Scandiweb_Test/vendor/magento/framework/ObjectManager/Factory/AbstractFactory.php(239): Magento\Framework\ObjectManager\Factory\AbstractFactory->getResolvedArgument()
#37 /home/mohammed/Scandiweb_Test/vendor/magento/framework/ObjectManager/Factory/Dynamic/Developer.php(34): Magento\Framework\ObjectManager\Factory\AbstractFactory->resolveArgumentsInRuntime()
#38 /home/mohammed/Scandiweb_Test/vendor/magento/framework/ObjectManager/Factory/Dynamic/Developer.php(59): Magento\Framework\ObjectManager\Factory\Dynamic\Developer->_resolveArguments()
#39 /home/mohammed/Scandiweb_Test/vendor/magento/framework/ObjectManager/ObjectManager.php(73): Magento\Framework\ObjectManager\Factory\Dynamic\Developer->create()
#40 /home/mohammed/Scandiweb_Test/vendor/magento/framework/Interception/PluginList/PluginList.php(173): Magento\Framework\ObjectManager\ObjectManager->get()
#41 /home/mohammed/Scandiweb_Test/vendor/magento/framework/Interception/Interceptor.php(144): Magento\Framework\Interception\PluginList\PluginList->getPlugin()
#42 /home/mohammed/Scandiweb_Test/vendor/magento/framework/Interception/Interceptor.php(153): Magento\Framework\App\MaintenanceMode\Interceptor->Magento\Framework\Interception\{closure}()
#43 /home/mohammed/Scandiweb_Test/generated/code/Magento/Framework/App/MaintenanceMode/Interceptor.php(32): Magento\Framework\App\MaintenanceMode\Interceptor->___callPlugins()
#44 /home/mohammed/Scandiweb_Test/setup/src/Magento/Setup/Model/Installer.php(1542): Magento\Framework\App\MaintenanceMode\Interceptor->set()
#45 [internal function]: Magento\Setup\Model\Installer->setMaintenanceMode()
#46 /home/mohammed/Scandiweb_Test/setup/src/Magento/Setup/Model/Installer.php(422): call_user_func_array()
#47 /home/mohammed/Scandiweb_Test/setup/src/Magento/Setup/Console/Command/InstallCommand.php(239): Magento\Setup\Model\Installer->install()
#48 /home/mohammed/Scandiweb_Test/vendor/symfony/console/Command/Command.php(326): Magento\Setup\Console\Command\InstallCommand->execute()
#49 /home/mohammed/Scandiweb_Test/vendor/symfony/console/Application.php(1078): Symfony\Component\Console\Command\Command->run()
#50 /home/mohammed/Scandiweb_Test/vendor/symfony/console/Application.php(324): Symfony\Component\Console\Application->doRunCommand()
#51 /home/mohammed/Scandiweb_Test/vendor/magento/framework/Console/Cli.php(122): Symfony\Component\Console\Application->doRun()
#52 /home/mohammed/Scandiweb_Test/vendor/symfony/console/Application.php(175): Magento\Framework\Console\Cli->doRun()
#53 /home/mohammed/Scandiweb_Test/bin/magento(23): Symfony\Component\Console\Application->run()
#54 {main} [] []
[2025-09-16T06:08:20.902649+00:00] main.ERROR: The default website isn't defined. Set the website and try again.
#0 /home/mohammed/Scandiweb_Test/vendor/magento/module-store/Model/StoreResolver/Website.php(49): Magento\Store\Model\WebsiteRepository->getDefault()
#1 /home/mohammed/Scandiweb_Test/vendor/magento/module-store/Model/StoresData.php(67): Magento\Store\Model\StoreResolver\Website->getAllowedStoreIds()
#2 /home/mohammed/Scandiweb_Test/vendor/magento/module-store/Model/StoreResolver.php(138): Magento\Store\Model\StoresData->getStoresData()
#3 /home/mohammed/Scandiweb_Test/vendor/magento/module-store/Model/StoreResolver.php(97): Magento\Store\Model\StoreResolver->getStoresData()
#4 /home/mohammed/Scandiweb_Test/generated/code/Magento/Store/Model/StoreResolver/Proxy.php(105): Magento\Store\Model\StoreResolver->getCurrentStoreId()
#5 /home/mohammed/Scandiweb_Test/vendor/magento/module-store/Model/StoreManager.php(159): Magento\Store\Model\StoreResolver\Proxy->getCurrentStoreId()
#6 /home/mohammed/Scandiweb_Test/generated/code/Magento/Store/Model/StoreManagerInterface/Proxy.php(129): Magento\Store\Model\StoreManager->getStore()
#7 /home/mohammed/Scandiweb_Test/vendor/magento/module-store/Model/Resolver/Store.php(30): Magento\Store\Model\StoreManagerInterface\Proxy->getStore()
#8 /home/mohammed/Scandiweb_Test/vendor/magento/framework/App/Config/ScopeCodeResolver.php(49): Magento\Store\Model\Resolver\Store->getScope()
#9 /home/mohammed/Scandiweb_Test/vendor/magento/framework/App/Config.php(63): Magento\Framework\App\Config\ScopeCodeResolver->resolve()
#10 /home/mohammed/Scandiweb_Test/vendor/magento/framework/Locale/Resolver.php(110): Magento\Framework\App\Config->getValue()
#11 /home/mohammed/Scandiweb_Test/vendor/magento/framework/Locale/Resolver.php(128): Magento\Framework\Locale\Resolver->getDefaultLocale()
#12 /home/mohammed/Scandiweb_Test/vendor/magento/framework/Locale/Resolver.php(82): Magento\Framework\Locale\Resolver->setLocale()
#13 /home/mohammed/Scandiweb_Test/vendor/magento/framework/ObjectManager/Factory/AbstractFactory.php(121): Magento\Framework\Locale\Resolver->__construct()
#14 /home/mohammed/Scandiweb_Test/vendor/magento/framework/ObjectManager/Factory/Dynamic/Developer.php(66): Magento\Framework\ObjectManager\Factory\AbstractFactory->createObject()
#15 /home/mohammed/Scandiweb_Test/vendor/magento/framework/ObjectManager/ObjectManager.php(73): Magento\Framework\ObjectManager\Factory\Dynamic\Developer->create()
#16 /home/mohammed/Scandiweb_Test/vendor/magento/framework/ObjectManager/Factory/AbstractFactory.php(170): Magento\Framework\ObjectManager\ObjectManager->get()
#17 /home/mohammed/Scandiweb_Test/vendor/magento/framework/ObjectManager/Factory/AbstractFactory.php(276): Magento\Framework\ObjectManager\Factory\AbstractFactory->resolveArgument()
#18 /home/mohammed/Scandiweb_Test/vendor/magento/framework/ObjectManager/Factory/AbstractFactory.php(239): Magento\Framework\ObjectManager\Factory\AbstractFactory->getResolvedArgument()
#19 /home/mohammed/Scandiweb_Test/vendor/magento/framework/ObjectManager/Factory/Dynamic/Developer.php(34): Magento\Framework\ObjectManager\Factory\AbstractFactory->resolveArgumentsInRuntime()
#20 /home/mohammed/Scandiweb_Test/vendor/magento/framework/ObjectManager/Factory/Dynamic/Developer.php(59): Magento\Framework\ObjectManager\Factory\Dynamic\Developer->_resolveArguments()
#21 /home/mohammed/Scandiweb_Test/vendor/magento/framework/ObjectManager/ObjectManager.php(73): Magento\Framework\ObjectManager\Factory\Dynamic\Developer->create()
#22 /home/mohammed/Scandiweb_Test/vendor/magento/framework/ObjectManager/Factory/AbstractFactory.php(170): Magento\Framework\ObjectManager\ObjectManager->get()
#23 /home/mohammed/Scandiweb_Test/vendor/magento/framework/ObjectManager/Factory/AbstractFactory.php(276): Magento\Framework\ObjectManager\Factory\AbstractFactory->resolveArgument()
#24 /home/mohammed/Scandiweb_Test/vendor/magento/framework/ObjectManager/Factory/AbstractFactory.php(239): Magento\Framework\ObjectManager\Factory\AbstractFactory->getResolvedArgument()
#25 /home/mohammed/Scandiweb_Test/vendor/magento/framework/ObjectManager/Factory/Dynamic/Developer.php(34): Magento\Framework\ObjectManager\Factory\AbstractFactory->resolveArgumentsInRuntime()
#26 /home/mohammed/Scandiweb_Test/vendor/magento/framework/ObjectManager/Factory/Dynamic/Developer.php(59): Magento\Framework\ObjectManager\Factory\Dynamic\Developer->_resolveArguments()
#27 /home/mohammed/Scandiweb_Test/vendor/magento/framework/ObjectManager/ObjectManager.php(73): Magento\Framework\ObjectManager\Factory\Dynamic\Developer->create()
#28 /home/mohammed/Scandiweb_Test/vendor/magento/framework/ObjectManager/Factory/AbstractFactory.php(170): Magento\Framework\ObjectManager\ObjectManager->get()
#29 /home/mohammed/Scandiweb_Test/vendor/magento/framework/ObjectManager/Factory/AbstractFactory.php(276): Magento\Framework\ObjectManager\Factory\AbstractFactory->resolveArgument()
#30 /home/mohammed/Scandiweb_Test/vendor/magento/framework/ObjectManager/Factory/AbstractFactory.php(239): Magento\Framework\ObjectManager\Factory\AbstractFactory->getResolvedArgument()
#31 /home/mohammed/Scandiweb_Test/vendor/magento/framework/ObjectManager/Factory/Dynamic/Developer.php(34): Magento\Framework\ObjectManager\Factory\AbstractFactory->resolveArgumentsInRuntime()
#32 /home/mohammed/Scandiweb_Test/vendor/magento/framework/ObjectManager/Factory/Dynamic/Developer.php(59): Magento\Framework\ObjectManager\Factory\Dynamic\Developer->_resolveArguments()
#33 /home/mohammed/Scandiweb_Test/vendor/magento/framework/ObjectManager/ObjectManager.php(73): Magento\Framework\ObjectManager\Factory\Dynamic\Developer->create()
#34 /home/mohammed/Scandiweb_Test/vendor/magento/framework/ObjectManager/Factory/AbstractFactory.php(170): Magento\Framework\ObjectManager\ObjectManager->get()
#35 /home/mohammed/Scandiweb_Test/vendor/magento/framework/ObjectManager/Factory/AbstractFactory.php(276): Magento\Framework\ObjectManager\Factory\AbstractFactory->resolveArgument()
#36 /home/mohammed/Scandiweb_Test/vendor/magento/framework/ObjectManager/Factory/AbstractFactory.php(239): Magento\Framework\ObjectManager\Factory\AbstractFactory->getResolvedArgument()
#37 /home/mohammed/Scandiweb_Test/vendor/magento/framework/ObjectManager/Factory/Dynamic/Developer.php(34): Magento\Framework\ObjectManager\Factory\AbstractFactory->resolveArgumentsInRuntime()
#38 /home/mohammed/Scandiweb_Test/vendor/magento/framework/ObjectManager/Factory/Dynamic/Developer.php(59): Magento\Framework\ObjectManager\Factory\Dynamic\Developer->_resolveArguments()
#39 /home/mohammed/Scandiweb_Test/vendor/magento/framework/ObjectManager/ObjectManager.php(73): Magento\Framework\ObjectManager\Factory\Dynamic\Developer->create()
#40 /home/mohammed/Scandiweb_Test/vendor/magento/framework/Interception/PluginList/PluginList.php(173): Magento\Framework\ObjectManager\ObjectManager->get()
#41 /home/mohammed/Scandiweb_Test/vendor/magento/framework/Interception/Interceptor.php(144): Magento\Framework\Interception\PluginList\PluginList->getPlugin()
#42 /home/mohammed/Scandiweb_Test/vendor/magento/framework/Interception/Interceptor.php(153): Magento\Framework\App\MaintenanceMode\Interceptor->Magento\Framework\Interception\{closure}()
#43 /home/mohammed/Scandiweb_Test/generated/code/Magento/Framework/App/MaintenanceMode/Interceptor.php(32): Magento\Framework\App\MaintenanceMode\Interceptor->___callPlugins()
#44 /home/mohammed/Scandiweb_Test/setup/src/Magento/Setup/Model/Installer.php(1542): Magento\Framework\App\MaintenanceMode\Interceptor->set()
#45 [internal function]: Magento\Setup\Model\Installer->setMaintenanceMode()
#46 /home/mohammed/Scandiweb_Test/setup/src/Magento/Setup/Model/Installer.php(422): call_user_func_array()
#47 /home/mohammed/Scandiweb_Test/setup/src/Magento/Setup/Console/Command/InstallCommand.php(239): Magento\Setup\Model\Installer->install()
#48 /home/mohammed/Scandiweb_Test/vendor/symfony/console/Command/Command.php(326): Magento\Setup\Console\Command\InstallCommand->execute()
#49 /home/mohammed/Scandiweb_Test/vendor/symfony/console/Application.php(1078): Symfony\Component\Console\Command\Command->run()
#50 /home/mohammed/Scandiweb_Test/vendor/symfony/console/Application.php(324): Symfony\Component\Console\Application->doRunCommand()
#51 /home/mohammed/Scandiweb_Test/vendor/magento/framework/Console/Cli.php(122): Symfony\Component\Console\Application->doRun()
#52 /home/mohammed/Scandiweb_Test/vendor/symfony/console/Application.php(175): Magento\Framework\Console\Cli->doRun()
#53 /home/mohammed/Scandiweb_Test/bin/magento(23): Symfony\Component\Console\Application->run()
#54 {main} [] []
[2025-09-16T06:08:22.922419+00:00] main.ERROR: The default website isn't defined. Set the website and try again.
#0 /home/mohammed/Scandiweb_Test/vendor/magento/module-store/Model/StoreResolver/Website.php(49): Magento\Store\Model\WebsiteRepository->getDefault()
#1 /home/mohammed/Scandiweb_Test/vendor/magento/module-store/Model/StoresData.php(67): Magento\Store\Model\StoreResolver\Website->getAllowedStoreIds()
#2 /home/mohammed/Scandiweb_Test/vendor/magento/module-store/Model/StoreResolver.php(138): Magento\Store\Model\StoresData->getStoresData()
#3 /home/mohammed/Scandiweb_Test/vendor/magento/module-store/Model/StoreResolver.php(97): Magento\Store\Model\StoreResolver->getStoresData()
#4 /home/mohammed/Scandiweb_Test/generated/code/Magento/Store/Model/StoreResolver/Proxy.php(105): Magento\Store\Model\StoreResolver->getCurrentStoreId()
#5 /home/mohammed/Scandiweb_Test/vendor/magento/module-store/Model/StoreManager.php(159): Magento\Store\Model\StoreResolver\Proxy->getCurrentStoreId()
#6 /home/mohammed/Scandiweb_Test/generated/code/Magento/Store/Model/StoreManagerInterface/Proxy.php(129): Magento\Store\Model\StoreManager->getStore()
#7 /home/mohammed/Scandiweb_Test/vendor/magento/module-store/Model/Resolver/Store.php(30): Magento\Store\Model\StoreManagerInterface\Proxy->getStore()
#8 /home/mohammed/Scandiweb_Test/vendor/magento/framework/App/Config/ScopeCodeResolver.php(49): Magento\Store\Model\Resolver\Store->getScope()
#9 /home/mohammed/Scandiweb_Test/vendor/magento/framework/App/Config.php(63): Magento\Framework\App\Config\ScopeCodeResolver->resolve()
#10 /home/mohammed/Scandiweb_Test/vendor/magento/framework/Locale/Resolver.php(110): Magento\Framework\App\Config->getValue()
#11 /home/mohammed/Scandiweb_Test/vendor/magento/framework/Locale/Resolver.php(128): Magento\Framework\Locale\Resolver->getDefaultLocale()
#12 /home/mohammed/Scandiweb_Test/vendor/magento/framework/Locale/Resolver.php(82): Magento\Framework\Locale\Resolver->setLocale()
#13 /home/mohammed/Scandiweb_Test/vendor/magento/framework/ObjectManager/Factory/AbstractFactory.php(121): Magento\Framework\Locale\Resolver->__construct()
#14 /home/mohammed/Scandiweb_Test/vendor/magento/framework/ObjectManager/Factory/Dynamic/Developer.php(66): Magento\Framework\ObjectManager\Factory\AbstractFactory->createObject()
#15 /home/mohammed/Scandiweb_Test/vendor/magento/framework/ObjectManager/ObjectManager.php(73): Magento\Framework\ObjectManager\Factory\Dynamic\Developer->create()
#16 /home/mohammed/Scandiweb_Test/vendor/magento/framework/ObjectManager/Factory/AbstractFactory.php(170): Magento\Framework\ObjectManager\ObjectManager->get()
#17 /home/mohammed/Scandiweb_Test/vendor/magento/framework/ObjectManager/Factory/AbstractFactory.php(276): Magento\Framework\ObjectManager\Factory\AbstractFactory->resolveArgument()
#18 /home/mohammed/Scandiweb_Test/vendor/magento/framework/ObjectManager/Factory/AbstractFactory.php(239): Magento\Framework\ObjectManager\Factory\AbstractFactory->getResolvedArgument()
#19 /home/mohammed/Scandiweb_Test/vendor/magento/framework/ObjectManager/Factory/Dynamic/Developer.php(34): Magento\Framework\ObjectManager\Factory\AbstractFactory->resolveArgumentsInRuntime()
#20 /home/mohammed/Scandiweb_Test/vendor/magento/framework/ObjectManager/Factory/Dynamic/Developer.php(59): Magento\Framework\ObjectManager\Factory\Dynamic\Developer->_resolveArguments()
#21 /home/mohammed/Scandiweb_Test/vendor/magento/framework/ObjectManager/ObjectManager.php(73): Magento\Framework\ObjectManager\Factory\Dynamic\Developer->create()
#22 /home/mohammed/Scandiweb_Test/vendor/magento/framework/ObjectManager/Factory/AbstractFactory.php(170): Magento\Framework\ObjectManager\ObjectManager->get()
#23 /home/mohammed/Scandiweb_Test/vendor/magento/framework/ObjectManager/Factory/AbstractFactory.php(276): Magento\Framework\ObjectManager\Factory\AbstractFactory->resolveArgument()
#24 /home/mohammed/Scandiweb_Test/vendor/magento/framework/ObjectManager/Factory/AbstractFactory.php(239): Magento\Framework\ObjectManager\Factory\AbstractFactory->getResolvedArgument()
#25 /home/mohammed/Scandiweb_Test/vendor/magento/framework/ObjectManager/Factory/Dynamic/Developer.php(34): Magento\Framework\ObjectManager\Factory\AbstractFactory->resolveArgumentsInRuntime()
#26 /home/mohammed/Scandiweb_Test/vendor/magento/framework/ObjectManager/Factory/Dynamic/Developer.php(59): Magento\Framework\ObjectManager\Factory\Dynamic\Developer->_resolveArguments()
#27 /home/mohammed/Scandiweb_Test/vendor/magento/framework/ObjectManager/ObjectManager.php(73): Magento\Framework\ObjectManager\Factory\Dynamic\Developer->create()
#28 /home/mohammed/Scandiweb_Test/vendor/magento/framework/ObjectManager/Factory/AbstractFactory.php(170): Magento\Framework\ObjectManager\ObjectManager->get()
#29 /home/mohammed/Scandiweb_Test/vendor/magento/framework/ObjectManager/Factory/AbstractFactory.php(276): Magento\Framework\ObjectManager\Factory\AbstractFactory->resolveArgument()
#30 /home/mohammed/Scandiweb_Test/vendor/magento/framework/ObjectManager/Factory/AbstractFactory.php(239): Magento\Framework\ObjectManager\Factory\AbstractFactory->getResolvedArgument()
#31 /home/mohammed/Scandiweb_Test/vendor/magento/framework/ObjectManager/Factory/Dynamic/Developer.php(34): Magento\Framework\ObjectManager\Factory\AbstractFactory->resolveArgumentsInRuntime()
#32 /home/mohammed/Scandiweb_Test/vendor/magento/framework/ObjectManager/Factory/Dynamic/Developer.php(59): Magento\Framework\ObjectManager\Factory\Dynamic\Developer->_resolveArguments()
#33 /home/mohammed/Scandiweb_Test/vendor/magento/framework/ObjectManager/ObjectManager.php(73): Magento\Framework\ObjectManager\Factory\Dynamic\Developer->create()
#34 /home/mohammed/Scandiweb_Test/vendor/magento/framework/ObjectManager/Factory/AbstractFactory.php(170): Magento\Framework\ObjectManager\ObjectManager->get()
#35 /home/mohammed/Scandiweb_Test/vendor/magento/framework/ObjectManager/Factory/AbstractFactory.php(276): Magento\Framework\ObjectManager\Factory\AbstractFactory->resolveArgument()
#36 /home/mohammed/Scandiweb_Test/vendor/magento/framework/ObjectManager/Factory/AbstractFactory.php(239): Magento\Framework\ObjectManager\Factory\AbstractFactory->getResolvedArgument()
#37 /home/mohammed/Scandiweb_Test/vendor/magento/framework/ObjectManager/Factory/Dynamic/Developer.php(34): Magento\Framework\ObjectManager\Factory\AbstractFactory->resolveArgumentsInRuntime()
#38 /home/mohammed/Scandiweb_Test/vendor/magento/framework/ObjectManager/Factory/Dynamic/Developer.php(59): Magento\Framework\ObjectManager\Factory\Dynamic\Developer->_resolveArguments()
#39 /home/mohammed/Scandiweb_Test/vendor/magento/framework/ObjectManager/ObjectManager.php(73): Magento\Framework\ObjectManager\Factory\Dynamic\Developer->create()
#40 /home/mohammed/Scandiweb_Test/vendor/magento/framework/Interception/PluginList/PluginList.php(173): Magento\Framework\ObjectManager\ObjectManager->get()
#41 /home/mohammed/Scandiweb_Test/vendor/magento/framework/Interception/Interceptor.php(144): Magento\Framework\Interception\PluginList\PluginList->getPlugin()
#42 /home/mohammed/Scandiweb_Test/vendor/magento/framework/Interception/Interceptor.php(153): Magento\Framework\App\MaintenanceMode\Interceptor->Magento\Framework\Interception\{closure}()
#43 /home/mohammed/Scandiweb_Test/generated/code/Magento/Framework/App/MaintenanceMode/Interceptor.php(32): Magento\Framework\App\MaintenanceMode\Interceptor->___callPlugins()
#44 /home/mohammed/Scandiweb_Test/setup/src/Magento/Setup/Model/Installer.php(1542): Magento\Framework\App\MaintenanceMode\Interceptor->set()
#45 [internal function]: Magento\Setup\Model\Installer->setMaintenanceMode()
#46 /home/mohammed/Scandiweb_Test/setup/src/Magento/Setup/Model/Installer.php(422): call_user_func_array()
#47 /home/mohammed/Scandiweb_Test/setup/src/Magento/Setup/Console/Command/InstallCommand.php(239): Magento\Setup\Model\Installer->install()
#48 /home/mohammed/Scandiweb_Test/vendor/symfony/console/Command/Command.php(326): Magento\Setup\Console\Command\InstallCommand->execute()
#49 /home/mohammed/Scandiweb_Test/vendor/symfony/console/Application.php(1078): Symfony\Component\Console\Command\Command->run()
#50 /home/mohammed/Scandiweb_Test/vendor/symfony/console/Application.php(324): Symfony\Component\Console\Application->doRunCommand()
#51 /home/mohammed/Scandiweb_Test/vendor/magento/framework/Console/Cli.php(122): Symfony\Component\Console\Application->doRun()
#52 /home/mohammed/Scandiweb_Test/vendor/symfony/console/Application.php(175): Magento\Framework\Console\Cli->doRun()
#53 /home/mohammed/Scandiweb_Test/bin/magento(23): Symfony\Component\Console\Application->run()
#54 {main} [] []
[2025-09-16T06:09:44.339109+00:00] main.ERROR: The default website isn't defined. Set the website and try again.
#0 /home/mohammed/Scandiweb_Test/vendor/magento/module-store/Model/StoreResolver/Website.php(49): Magento\Store\Model\WebsiteRepository->getDefault()
#1 /home/mohammed/Scandiweb_Test/vendor/magento/module-store/Model/StoresData.php(67): Magento\Store\Model\StoreResolver\Website->getAllowedStoreIds()
#2 /home/mohammed/Scandiweb_Test/vendor/magento/module-store/Model/StoreResolver.php(138): Magento\Store\Model\StoresData->getStoresData()
#3 /home/mohammed/Scandiweb_Test/vendor/magento/module-store/Model/StoreResolver.php(97): Magento\Store\Model\StoreResolver->getStoresData()
#4 /home/mohammed/Scandiweb_Test/generated/code/Magento/Store/Model/StoreResolver/Proxy.php(105): Magento\Store\Model\StoreResolver->getCurrentStoreId()
#5 /home/mohammed/Scandiweb_Test/vendor/magento/module-store/Model/StoreManager.php(159): Magento\Store\Model\StoreResolver\Proxy->getCurrentStoreId()
#6 /home/mohammed/Scandiweb_Test/generated/code/Magento/Store/Model/StoreManagerInterface/Proxy.php(129): Magento\Store\Model\StoreManager->getStore()
#7 /home/mohammed/Scandiweb_Test/vendor/magento/module-store/Model/Resolver/Store.php(30): Magento\Store\Model\StoreManagerInterface\Proxy->getStore()
#8 /home/mohammed/Scandiweb_Test/vendor/magento/framework/App/Config/ScopeCodeResolver.php(49): Magento\Store\Model\Resolver\Store->getScope()
#9 /home/mohammed/Scandiweb_Test/vendor/magento/framework/App/Config.php(63): Magento\Framework\App\Config\ScopeCodeResolver->resolve()
#10 /home/mohammed/Scandiweb_Test/vendor/magento/framework/Locale/Resolver.php(110): Magento\Framework\App\Config->getValue()
#11 /home/mohammed/Scandiweb_Test/vendor/magento/framework/Locale/Resolver.php(128): Magento\Framework\Locale\Resolver->getDefaultLocale()
#12 /home/mohammed/Scandiweb_Test/vendor/magento/framework/Locale/Resolver.php(82): Magento\Framework\Locale\Resolver->setLocale()
#13 /home/mohammed/Scandiweb_Test/vendor/magento/framework/ObjectManager/Factory/AbstractFactory.php(121): Magento\Framework\Locale\Resolver->__construct()
#14 /home/mohammed/Scandiweb_Test/vendor/magento/framework/ObjectManager/Factory/Dynamic/Developer.php(66): Magento\Framework\ObjectManager\Factory\AbstractFactory->createObject()
#15 /home/mohammed/Scandiweb_Test/vendor/magento/framework/ObjectManager/ObjectManager.php(73): Magento\Framework\ObjectManager\Factory\Dynamic\Developer->create()
#16 /home/mohammed/Scandiweb_Test/vendor/magento/framework/ObjectManager/Factory/AbstractFactory.php(170): Magento\Framework\ObjectManager\ObjectManager->get()
#17 /home/mohammed/Scandiweb_Test/vendor/magento/framework/ObjectManager/Factory/AbstractFactory.php(276): Magento\Framework\ObjectManager\Factory\AbstractFactory->resolveArgument()
#18 /home/mohammed/Scandiweb_Test/vendor/magento/framework/ObjectManager/Factory/AbstractFactory.php(239): Magento\Framework\ObjectManager\Factory\AbstractFactory->getResolvedArgument()
#19 /home/mohammed/Scandiweb_Test/vendor/magento/framework/ObjectManager/Factory/Dynamic/Developer.php(34): Magento\Framework\ObjectManager\Factory\AbstractFactory->resolveArgumentsInRuntime()
#20 /home/mohammed/Scandiweb_Test/vendor/magento/framework/ObjectManager/Factory/Dynamic/Developer.php(59): Magento\Framework\ObjectManager\Factory\Dynamic\Developer->_resolveArguments()
#21 /home/mohammed/Scandiweb_Test/vendor/magento/framework/ObjectManager/ObjectManager.php(73): Magento\Framework\ObjectManager\Factory\Dynamic\Developer->create()
#22 /home/mohammed/Scandiweb_Test/vendor/magento/framework/ObjectManager/Factory/AbstractFactory.php(170): Magento\Framework\ObjectManager\ObjectManager->get()
#23 /home/mohammed/Scandiweb_Test/vendor/magento/framework/ObjectManager/Factory/AbstractFactory.php(276): Magento\Framework\ObjectManager\Factory\AbstractFactory->resolveArgument()
#24 /home/mohammed/Scandiweb_Test/vendor/magento/framework/ObjectManager/Factory/AbstractFactory.php(239): Magento\Framework\ObjectManager\Factory\AbstractFactory->getResolvedArgument()
#25 /home/mohammed/Scandiweb_Test/vendor/magento/framework/ObjectManager/Factory/Dynamic/Developer.php(34): Magento\Framework\ObjectManager\Factory\AbstractFactory->resolveArgumentsInRuntime()
#26 /home/mohammed/Scandiweb_Test/vendor/magento/framework/ObjectManager/Factory/Dynamic/Developer.php(59): Magento\Framework\ObjectManager\Factory\Dynamic\Developer->_resolveArguments()
#27 /home/mohammed/Scandiweb_Test/vendor/magento/framework/ObjectManager/ObjectManager.php(73): Magento\Framework\ObjectManager\Factory\Dynamic\Developer->create()
#28 /home/mohammed/Scandiweb_Test/vendor/magento/framework/ObjectManager/Factory/AbstractFactory.php(170): Magento\Framework\ObjectManager\ObjectManager->get()
#29 /home/mohammed/Scandiweb_Test/vendor/magento/framework/ObjectManager/Factory/AbstractFactory.php(276): Magento\Framework\ObjectManager\Factory\AbstractFactory->resolveArgument()
#30 /home/mohammed/Scandiweb_Test/vendor/magento/framework/ObjectManager/Factory/AbstractFactory.php(239): Magento\Framework\ObjectManager\Factory\AbstractFactory->getResolvedArgument()
#31 /home/mohammed/Scandiweb_Test/vendor/magento/framework/ObjectManager/Factory/Dynamic/Developer.php(34): Magento\Framework\ObjectManager\Factory\AbstractFactory->resolveArgumentsInRuntime()
#32 /home/mohammed/Scandiweb_Test/vendor/magento/framework/ObjectManager/Factory/Dynamic/Developer.php(59): Magento\Framework\ObjectManager\Factory\Dynamic\Developer->_resolveArguments()
#33 /home/mohammed/Scandiweb_Test/vendor/magento/framework/ObjectManager/ObjectManager.php(73): Magento\Framework\ObjectManager\Factory\Dynamic\Developer->create()
#34 /home/mohammed/Scandiweb_Test/vendor/magento/framework/ObjectManager/Factory/AbstractFactory.php(170): Magento\Framework\ObjectManager\ObjectManager->get()
#35 /home/mohammed/Scandiweb_Test/vendor/magento/framework/ObjectManager/Factory/AbstractFactory.php(276): Magento\Framework\ObjectManager\Factory\AbstractFactory->resolveArgument()
#36 /home/mohammed/Scandiweb_Test/vendor/magento/framework/ObjectManager/Factory/AbstractFactory.php(239): Magento\Framework\ObjectManager\Factory\AbstractFactory->getResolvedArgument()
#37 /home/mohammed/Scandiweb_Test/vendor/magento/framework/ObjectManager/Factory/Dynamic/Developer.php(34): Magento\Framework\ObjectManager\Factory\AbstractFactory->resolveArgumentsInRuntime()
#38 /home/mohammed/Scandiweb_Test/vendor/magento/framework/ObjectManager/Factory/Dynamic/Developer.php(59): Magento\Framework\ObjectManager\Factory\Dynamic\Developer->_resolveArguments()
#39 /home/mohammed/Scandiweb_Test/vendor/magento/framework/ObjectManager/ObjectManager.php(73): Magento\Framework\ObjectManager\Factory\Dynamic\Developer->create()
#40 /home/mohammed/Scandiweb_Test/vendor/magento/framework/Interception/PluginList/PluginList.php(173): Magento\Framework\ObjectManager\ObjectManager->get()
#41 /home/mohammed/Scandiweb_Test/vendor/magento/framework/Interception/Interceptor.php(144): Magento\Framework\Interception\PluginList\PluginList->getPlugin()
#42 /home/mohammed/Scandiweb_Test/vendor/magento/framework/Interception/Interceptor.php(153): Magento\Framework\App\MaintenanceMode\Interceptor->Magento\Framework\Interception\{closure}()
#43 /home/mohammed/Scandiweb_Test/generated/code/Magento/Framework/App/MaintenanceMode/Interceptor.php(32): Magento\Framework\App\MaintenanceMode\Interceptor->___callPlugins()
#44 /home/mohammed/Scandiweb_Test/setup/src/Magento/Setup/Model/Installer.php(1542): Magento\Framework\App\MaintenanceMode\Interceptor->set()
#45 [internal function]: Magento\Setup\Model\Installer->setMaintenanceMode()
#46 /home/mohammed/Scandiweb_Test/setup/src/Magento/Setup/Model/Installer.php(422): call_user_func_array()
#47 /home/mohammed/Scandiweb_Test/setup/src/Magento/Setup/Console/Command/InstallCommand.php(239): Magento\Setup\Model\Installer->install()
#48 /home/mohammed/Scandiweb_Test/vendor/symfony/console/Command/Command.php(326): Magento\Setup\Console\Command\InstallCommand->execute()
#49 /home/mohammed/Scandiweb_Test/vendor/symfony/console/Application.php(1078): Symfony\Component\Console\Command\Command->run()
#50 /home/mohammed/Scandiweb_Test/vendor/symfony/console/Application.php(324): Symfony\Component\Console\Application->doRunCommand()
#51 /home/mohammed/Scandiweb_Test/vendor/magento/framework/Console/Cli.php(122): Symfony\Component\Console\Application->doRun()
#52 /home/mohammed/Scandiweb_Test/vendor/symfony/console/Application.php(175): Magento\Framework\Console\Cli->doRun()
#53 /home/mohammed/Scandiweb_Test/bin/magento(23): Symfony\Component\Console\Application->run()
#54 {main} [] []
[2025-09-16T06:12:13.561568+00:00] main.ERROR: The default website isn't defined. Set the website and try again.
#0 /home/mohammed/Scandiweb_Test/vendor/magento/module-store/Model/StoreResolver/Website.php(49): Magento\Store\Model\WebsiteRepository->getDefault()
#1 /home/mohammed/Scandiweb_Test/vendor/magento/module-store/Model/StoresData.php(67): Magento\Store\Model\StoreResolver\Website->getAllowedStoreIds()
#2 /home/mohammed/Scandiweb_Test/vendor/magento/module-store/Model/StoreResolver.php(138): Magento\Store\Model\StoresData->getStoresData()
#3 /home/mohammed/Scandiweb_Test/vendor/magento/module-store/Model/StoreResolver.php(97): Magento\Store\Model\StoreResolver->getStoresData()
#4 /home/mohammed/Scandiweb_Test/generated/code/Magento/Store/Model/StoreResolver/Proxy.php(105): Magento\Store\Model\StoreResolver->getCurrentStoreId()
#5 /home/mohammed/Scandiweb_Test/vendor/magento/module-store/Model/StoreManager.php(159): Magento\Store\Model\StoreResolver\Proxy->getCurrentStoreId()
#6 /home/mohammed/Scandiweb_Test/generated/code/Magento/Store/Model/StoreManagerInterface/Proxy.php(129): Magento\Store\Model\StoreManager->getStore()
#7 /home/mohammed/Scandiweb_Test/vendor/magento/module-store/Model/Resolver/Store.php(30): Magento\Store\Model\StoreManagerInterface\Proxy->getStore()
#8 /home/mohammed/Scandiweb_Test/vendor/magento/framework/App/Config/ScopeCodeResolver.php(49): Magento\Store\Model\Resolver\Store->getScope()
#9 /home/mohammed/Scandiweb_Test/vendor/magento/framework/App/Config.php(63): Magento\Framework\App\Config\ScopeCodeResolver->resolve()
#10 /home/mohammed/Scandiweb_Test/vendor/magento/framework/Locale/Resolver.php(110): Magento\Framework\App\Config->getValue()
#11 /home/mohammed/Scandiweb_Test/vendor/magento/framework/Locale/Resolver.php(128): Magento\Framework\Locale\Resolver->getDefaultLocale()
#12 /home/mohammed/Scandiweb_Test/vendor/magento/framework/Locale/Resolver.php(82): Magento\Framework\Locale\Resolver->setLocale()
#13 /home/mohammed/Scandiweb_Test/vendor/magento/framework/ObjectManager/Factory/AbstractFactory.php(121): Magento\Framework\Locale\Resolver->__construct()
#14 /home/mohammed/Scandiweb_Test/vendor/magento/framework/ObjectManager/Factory/Dynamic/Developer.php(66): Magento\Framework\ObjectManager\Factory\AbstractFactory->createObject()
#15 /home/mohammed/Scandiweb_Test/vendor/magento/framework/ObjectManager/ObjectManager.php(73): Magento\Framework\ObjectManager\Factory\Dynamic\Developer->create()
#16 /home/mohammed/Scandiweb_Test/vendor/magento/framework/ObjectManager/Factory/AbstractFactory.php(170): Magento\Framework\ObjectManager\ObjectManager->get()
#17 /home/mohammed/Scandiweb_Test/vendor/magento/framework/ObjectManager/Factory/AbstractFactory.php(276): Magento\Framework\ObjectManager\Factory\AbstractFactory->resolveArgument()
#18 /home/mohammed/Scandiweb_Test/vendor/magento/framework/ObjectManager/Factory/AbstractFactory.php(239): Magento\Framework\ObjectManager\Factory\AbstractFactory->getResolvedArgument()
#19 /home/mohammed/Scandiweb_Test/vendor/magento/framework/ObjectManager/Factory/Dynamic/Developer.php(34): Magento\Framework\ObjectManager\Factory\AbstractFactory->resolveArgumentsInRuntime()
#20 /home/mohammed/Scandiweb_Test/vendor/magento/framework/ObjectManager/Factory/Dynamic/Developer.php(59): Magento\Framework\ObjectManager\Factory\Dynamic\Developer->_resolveArguments()
#21 /home/mohammed/Scandiweb_Test/vendor/magento/framework/ObjectManager/ObjectManager.php(73): Magento\Framework\ObjectManager\Factory\Dynamic\Developer->create()
#22 /home/mohammed/Scandiweb_Test/vendor/magento/framework/ObjectManager/Factory/AbstractFactory.php(170): Magento\Framework\ObjectManager\ObjectManager->get()
#23 /home/mohammed/Scandiweb_Test/vendor/magento/framework/ObjectManager/Factory/AbstractFactory.php(276): Magento\Framework\ObjectManager\Factory\AbstractFactory->resolveArgument()
#24 /home/mohammed/Scandiweb_Test/vendor/magento/framework/ObjectManager/Factory/AbstractFactory.php(239): Magento\Framework\ObjectManager\Factory\AbstractFactory->getResolvedArgument()
#25 /home/mohammed/Scandiweb_Test/vendor/magento/framework/ObjectManager/Factory/Dynamic/Developer.php(34): Magento\Framework\ObjectManager\Factory\AbstractFactory->resolveArgumentsInRuntime()
#26 /home/mohammed/Scandiweb_Test/vendor/magento/framework/ObjectManager/Factory/Dynamic/Developer.php(59): Magento\Framework\ObjectManager\Factory\Dynamic\Developer->_resolveArguments()
#27 /home/mohammed/Scandiweb_Test/vendor/magento/framework/ObjectManager/ObjectManager.php(73): Magento\Framework\ObjectManager\Factory\Dynamic\Developer->create()
#28 /home/mohammed/Scandiweb_Test/vendor/magento/framework/ObjectManager/Factory/AbstractFactory.php(170): Magento\Framework\ObjectManager\ObjectManager->get()
#29 /home/mohammed/Scandiweb_Test/vendor/magento/framework/ObjectManager/Factory/AbstractFactory.php(276): Magento\Framework\ObjectManager\Factory\AbstractFactory->resolveArgument()
#30 /home/mohammed/Scandiweb_Test/vendor/magento/framework/ObjectManager/Factory/AbstractFactory.php(239): Magento\Framework\ObjectManager\Factory\AbstractFactory->getResolvedArgument()
#31 /home/mohammed/Scandiweb_Test/vendor/magento/framework/ObjectManager/Factory/Dynamic/Developer.php(34): Magento\Framework\ObjectManager\Factory\AbstractFactory->resolveArgumentsInRuntime()
#32 /home/mohammed/Scandiweb_Test/vendor/magento/framework/ObjectManager/Factory/Dynamic/Developer.php(59): Magento\Framework\ObjectManager\Factory\Dynamic\Developer->_resolveArguments()
#33 /home/mohammed/Scandiweb_Test/vendor/magento/framework/ObjectManager/ObjectManager.php(73): Magento\Framework\ObjectManager\Factory\Dynamic\Developer->create()
#34 /home/mohammed/Scandiweb_Test/vendor/magento/framework/ObjectManager/Factory/AbstractFactory.php(170): Magento\Framework\ObjectManager\ObjectManager->get()
#35 /home/mohammed/Scandiweb_Test/vendor/magento/framework/ObjectManager/Factory/AbstractFactory.php(276): Magento\Framework\ObjectManager\Factory\AbstractFactory->resolveArgument()
#36 /home/mohammed/Scandiweb_Test/vendor/magento/framework/ObjectManager/Factory/AbstractFactory.php(239): Magento\Framework\ObjectManager\Factory\AbstractFactory->getResolvedArgument()
#37 /home/mohammed/Scandiweb_Test/vendor/magento/framework/ObjectManager/Factory/Dynamic/Developer.php(34): Magento\Framework\ObjectManager\Factory\AbstractFactory->resolveArgumentsInRuntime()
#38 /home/mohammed/Scandiweb_Test/vendor/magento/framework/ObjectManager/Factory/Dynamic/Developer.php(59): Magento\Framework\ObjectManager\Factory\Dynamic\Developer->_resolveArguments()
#39 /home/mohammed/Scandiweb_Test/vendor/magento/framework/ObjectManager/ObjectManager.php(73): Magento\Framework\ObjectManager\Factory\Dynamic\Developer->create()
#40 /home/mohammed/Scandiweb_Test/vendor/magento/framework/Interception/PluginList/PluginList.php(173): Magento\Framework\ObjectManager\ObjectManager->get()
#41 /home/mohammed/Scandiweb_Test/vendor/magento/framework/Interception/Interceptor.php(144): Magento\Framework\Interception\PluginList\PluginList->getPlugin()
#42 /home/mohammed/Scandiweb_Test/vendor/magento/framework/Interception/Interceptor.php(153): Magento\Framework\App\MaintenanceMode\Interceptor->Magento\Framework\Interception\{closure}()
#43 /home/mohammed/Scandiweb_Test/generated/code/Magento/Framework/App/MaintenanceMode/Interceptor.php(32): Magento\Framework\App\MaintenanceMode\Interceptor->___callPlugins()
#44 /home/mohammed/Scandiweb_Test/setup/src/Magento/Setup/Model/Installer.php(1542): Magento\Framework\App\MaintenanceMode\Interceptor->set()
#45 [internal function]: Magento\Setup\Model\Installer->setMaintenanceMode()
#46 /home/mohammed/Scandiweb_Test/setup/src/Magento/Setup/Model/Installer.php(422): call_user_func_array()
#47 /home/mohammed/Scandiweb_Test/setup/src/Magento/Setup/Console/Command/InstallCommand.php(239): Magento\Setup\Model\Installer->install()
#48 /home/mohammed/Scandiweb_Test/vendor/symfony/console/Command/Command.php(326): Magento\Setup\Console\Command\InstallCommand->execute()
#49 /home/mohammed/Scandiweb_Test/vendor/symfony/console/Application.php(1078): Symfony\Component\Console\Command\Command->run()
#50 /home/mohammed/Scandiweb_Test/vendor/symfony/console/Application.php(324): Symfony\Component\Console\Application->doRunCommand()
#51 /home/mohammed/Scandiweb_Test/vendor/magento/framework/Console/Cli.php(122): Symfony\Component\Console\Application->doRun()
#52 /home/mohammed/Scandiweb_Test/vendor/symfony/console/Application.php(175): Magento\Framework\Console\Cli->doRun()
#53 /home/mohammed/Scandiweb_Test/bin/magento(23): Symfony\Component\Console\Application->run()
#54 {main} [] []
[2025-09-16T06:12:58.680443+00:00] main.ERROR: The default website isn't defined. Set the website and try again.
#0 /home/mohammed/Scandiweb_Test/vendor/magento/module-store/Model/StoreResolver/Website.php(49): Magento\Store\Model\WebsiteRepository->getDefault()
#1 /home/mohammed/Scandiweb_Test/vendor/magento/module-store/Model/StoresData.php(67): Magento\Store\Model\StoreResolver\Website->getAllowedStoreIds()
#2 /home/mohammed/Scandiweb_Test/vendor/magento/module-store/Model/StoreResolver.php(138): Magento\Store\Model\StoresData->getStoresData()
#3 /home/mohammed/Scandiweb_Test/vendor/magento/module-store/Model/StoreResolver.php(97): Magento\Store\Model\StoreResolver->getStoresData()
#4 /home/mohammed/Scandiweb_Test/generated/code/Magento/Store/Model/StoreResolver/Proxy.php(105): Magento\Store\Model\StoreResolver->getCurrentStoreId()
#5 /home/mohammed/Scandiweb_Test/vendor/magento/module-store/Model/StoreManager.php(159): Magento\Store\Model\StoreResolver\Proxy->getCurrentStoreId()
#6 /home/mohammed/Scandiweb_Test/generated/code/Magento/Store/Model/StoreManagerInterface/Proxy.php(129): Magento\Store\Model\StoreManager->getStore()
#7 /home/mohammed/Scandiweb_Test/vendor/magento/module-store/Model/Resolver/Store.php(30): Magento\Store\Model\StoreManagerInterface\Proxy->getStore()
#8 /home/mohammed/Scandiweb_Test/vendor/magento/framework/App/Config/ScopeCodeResolver.php(49): Magento\Store\Model\Resolver\Store->getScope()
#9 /home/mohammed/Scandiweb_Test/vendor/magento/framework/App/Config.php(63): Magento\Framework\App\Config\ScopeCodeResolver->resolve()
#10 /home/mohammed/Scandiweb_Test/vendor/magento/framework/Locale/Resolver.php(110): Magento\Framework\App\Config->getValue()
#11 /home/mohammed/Scandiweb_Test/vendor/magento/framework/Locale/Resolver.php(128): Magento\Framework\Locale\Resolver->getDefaultLocale()
#12 /home/mohammed/Scandiweb_Test/vendor/magento/framework/Locale/Resolver.php(82): Magento\Framework\Locale\Resolver->setLocale()
#13 /home/mohammed/Scandiweb_Test/vendor/magento/framework/ObjectManager/Factory/AbstractFactory.php(121): Magento\Framework\Locale\Resolver->__construct()
#14 /home/mohammed/Scandiweb_Test/vendor/magento/framework/ObjectManager/Factory/Dynamic/Developer.php(66): Magento\Framework\ObjectManager\Factory\AbstractFactory->createObject()
#15 /home/mohammed/Scandiweb_Test/vendor/magento/framework/ObjectManager/ObjectManager.php(73): Magento\Framework\ObjectManager\Factory\Dynamic\Developer->create()
#16 /home/mohammed/Scandiweb_Test/vendor/magento/framework/ObjectManager/Factory/AbstractFactory.php(170): Magento\Framework\ObjectManager\ObjectManager->get()
#17 /home/mohammed/Scandiweb_Test/vendor/magento/framework/ObjectManager/Factory/AbstractFactory.php(276): Magento\Framework\ObjectManager\Factory\AbstractFactory->resolveArgument()
#18 /home/mohammed/Scandiweb_Test/vendor/magento/framework/ObjectManager/Factory/AbstractFactory.php(239): Magento\Framework\ObjectManager\Factory\AbstractFactory->getResolvedArgument()
#19 /home/mohammed/Scandiweb_Test/vendor/magento/framework/ObjectManager/Factory/Dynamic/Developer.php(34): Magento\Framework\ObjectManager\Factory\AbstractFactory->resolveArgumentsInRuntime()
#20 /home/mohammed/Scandiweb_Test/vendor/magento/framework/ObjectManager/Factory/Dynamic/Developer.php(59): Magento\Framework\ObjectManager\Factory\Dynamic\Developer->_resolveArguments()
#21 /home/mohammed/Scandiweb_Test/vendor/magento/framework/ObjectManager/ObjectManager.php(73): Magento\Framework\ObjectManager\Factory\Dynamic\Developer->create()
#22 /home/mohammed/Scandiweb_Test/vendor/magento/framework/ObjectManager/Factory/AbstractFactory.php(170): Magento\Framework\ObjectManager\ObjectManager->get()
#23 /home/mohammed/Scandiweb_Test/vendor/magento/framework/ObjectManager/Factory/AbstractFactory.php(276): Magento\Framework\ObjectManager\Factory\AbstractFactory->resolveArgument()
#24 /home/mohammed/Scandiweb_Test/vendor/magento/framework/ObjectManager/Factory/AbstractFactory.php(239): Magento\Framework\ObjectManager\Factory\AbstractFactory->getResolvedArgument()
#25 /home/mohammed/Scandiweb_Test/vendor/magento/framework/ObjectManager/Factory/Dynamic/Developer.php(34): Magento\Framework\ObjectManager\Factory\AbstractFactory->resolveArgumentsInRuntime()
#26 /home/mohammed/Scandiweb_Test/vendor/magento/framework/ObjectManager/Factory/Dynamic/Developer.php(59): Magento\Framework\ObjectManager\Factory\Dynamic\Developer->_resolveArguments()
#27 /home/mohammed/Scandiweb_Test/vendor/magento/framework/ObjectManager/ObjectManager.php(73): Magento\Framework\ObjectManager\Factory\Dynamic\Developer->create()
#28 /home/mohammed/Scandiweb_Test/vendor/magento/framework/ObjectManager/Factory/AbstractFactory.php(170): Magento\Framework\ObjectManager\ObjectManager->get()
#29 /home/mohammed/Scandiweb_Test/vendor/magento/framework/ObjectManager/Factory/AbstractFactory.php(276): Magento\Framework\ObjectManager\Factory\AbstractFactory->resolveArgument()
#30 /home/mohammed/Scandiweb_Test/vendor/magento/framework/ObjectManager/Factory/AbstractFactory.php(239): Magento\Framework\ObjectManager\Factory\AbstractFactory->getResolvedArgument()
#31 /home/mohammed/Scandiweb_Test/vendor/magento/framework/ObjectManager/Factory/Dynamic/Developer.php(34): Magento\Framework\ObjectManager\Factory\AbstractFactory->resolveArgumentsInRuntime()
#32 /home/mohammed/Scandiweb_Test/vendor/magento/framework/ObjectManager/Factory/Dynamic/Developer.php(59): Magento\Framework\ObjectManager\Factory\Dynamic\Developer->_resolveArguments()
#33 /home/mohammed/Scandiweb_Test/vendor/magento/framework/ObjectManager/ObjectManager.php(73): Magento\Framework\ObjectManager\Factory\Dynamic\Developer->create()
#34 /home/mohammed/Scandiweb_Test/vendor/magento/framework/ObjectManager/Factory/AbstractFactory.php(170): Magento\Framework\ObjectManager\ObjectManager->get()
#35 /home/mohammed/Scandiweb_Test/vendor/magento/framework/ObjectManager/Factory/AbstractFactory.php(276): Magento\Framework\ObjectManager\Factory\AbstractFactory->resolveArgument()
#36 /home/mohammed/Scandiweb_Test/vendor/magento/framework/ObjectManager/Factory/AbstractFactory.php(239): Magento\Framework\ObjectManager\Factory\AbstractFactory->getResolvedArgument()
#37 /home/mohammed/Scandiweb_Test/vendor/magento/framework/ObjectManager/Factory/Dynamic/Developer.php(34): Magento\Framework\ObjectManager\Factory\AbstractFactory->resolveArgumentsInRuntime()
#38 /home/mohammed/Scandiweb_Test/vendor/magento/framework/ObjectManager/Factory/Dynamic/Developer.php(59): Magento\Framework\ObjectManager\Factory\Dynamic\Developer->_resolveArguments()
#39 /home/mohammed/Scandiweb_Test/vendor/magento/framework/ObjectManager/ObjectManager.php(73): Magento\Framework\ObjectManager\Factory\Dynamic\Developer->create()
#40 /home/mohammed/Scandiweb_Test/vendor/magento/framework/Interception/PluginList/PluginList.php(173): Magento\Framework\ObjectManager\ObjectManager->get()
#41 /home/mohammed/Scandiweb_Test/vendor/magento/framework/Interception/Interceptor.php(144): Magento\Framework\Interception\PluginList\PluginList->getPlugin()
#42 /home/mohammed/Scandiweb_Test/vendor/magento/framework/Interception/Interceptor.php(153): Magento\Framework\App\MaintenanceMode\Interceptor->Magento\Framework\Interception\{closure}()
#43 /home/mohammed/Scandiweb_Test/generated/code/Magento/Framework/App/MaintenanceMode/Interceptor.php(32): Magento\Framework\App\MaintenanceMode\Interceptor->___callPlugins()
#44 /home/mohammed/Scandiweb_Test/setup/src/Magento/Setup/Model/Installer.php(1542): Magento\Framework\App\MaintenanceMode\Interceptor->set()
#45 [internal function]: Magento\Setup\Model\Installer->setMaintenanceMode()
#46 /home/mohammed/Scandiweb_Test/setup/src/Magento/Setup/Model/Installer.php(422): call_user_func_array()
#47 /home/mohammed/Scandiweb_Test/setup/src/Magento/Setup/Console/Command/InstallCommand.php(239): Magento\Setup\Model\Installer->install()
#48 /home/mohammed/Scandiweb_Test/vendor/symfony/console/Command/Command.php(326): Magento\Setup\Console\Command\InstallCommand->execute()
#49 /home/mohammed/Scandiweb_Test/vendor/symfony/console/Application.php(1078): Symfony\Component\Console\Command\Command->run()
#50 /home/mohammed/Scandiweb_Test/vendor/symfony/console/Application.php(324): Symfony\Component\Console\Application->doRunCommand()
#51 /home/mohammed/Scandiweb_Test/vendor/magento/framework/Console/Cli.php(122): Symfony\Component\Console\Application->doRun()
#52 /home/mohammed/Scandiweb_Test/vendor/symfony/console/Application.php(175): Magento\Framework\Console\Cli->doRun()
#53 /home/mohammed/Scandiweb_Test/bin/magento(23): Symfony\Component\Console\Application->run()
#54 {main} [] []
[2025-09-16T06:13:00.137711+00:00] main.ERROR: The default website isn't defined. Set the website and try again.
#0 /home/mohammed/Scandiweb_Test/vendor/magento/module-store/Model/StoreResolver/Website.php(49): Magento\Store\Model\WebsiteRepository->getDefault()
#1 /home/mohammed/Scandiweb_Test/vendor/magento/module-store/Model/StoresData.php(67): Magento\Store\Model\StoreResolver\Website->getAllowedStoreIds()
#2 /home/mohammed/Scandiweb_Test/vendor/magento/module-store/Model/StoreResolver.php(138): Magento\Store\Model\StoresData->getStoresData()
#3 /home/mohammed/Scandiweb_Test/vendor/magento/module-store/Model/StoreResolver.php(97): Magento\Store\Model\StoreResolver->getStoresData()
#4 /home/mohammed/Scandiweb_Test/generated/code/Magento/Store/Model/StoreResolver/Proxy.php(105): Magento\Store\Model\StoreResolver->getCurrentStoreId()
#5 /home/mohammed/Scandiweb_Test/vendor/magento/module-store/Model/StoreManager.php(159): Magento\Store\Model\StoreResolver\Proxy->getCurrentStoreId()
#6 /home/mohammed/Scandiweb_Test/generated/code/Magento/Store/Model/StoreManagerInterface/Proxy.php(129): Magento\Store\Model\StoreManager->getStore()
#7 /home/mohammed/Scandiweb_Test/vendor/magento/module-store/Model/Resolver/Store.php(30): Magento\Store\Model\StoreManagerInterface\Proxy->getStore()
#8 /home/mohammed/Scandiweb_Test/vendor/magento/framework/App/Config/ScopeCodeResolver.php(49): Magento\Store\Model\Resolver\Store->getScope()
#9 /home/mohammed/Scandiweb_Test/vendor/magento/framework/App/Config.php(63): Magento\Framework\App\Config\ScopeCodeResolver->resolve()
#10 /home/mohammed/Scandiweb_Test/vendor/magento/framework/Locale/Resolver.php(110): Magento\Framework\App\Config->getValue()
#11 /home/mohammed/Scandiweb_Test/vendor/magento/framework/Locale/Resolver.php(128): Magento\Framework\Locale\Resolver->getDefaultLocale()
#12 /home/mohammed/Scandiweb_Test/vendor/magento/framework/Locale/Resolver.php(82): Magento\Framework\Locale\Resolver->setLocale()
#13 /home/mohammed/Scandiweb_Test/vendor/magento/framework/ObjectManager/Factory/AbstractFactory.php(121): Magento\Framework\Locale\Resolver->__construct()
#14 /home/mohammed/Scandiweb_Test/vendor/magento/framework/ObjectManager/Factory/Dynamic/Developer.php(66): Magento\Framework\ObjectManager\Factory\AbstractFactory->createObject()
#15 /home/mohammed/Scandiweb_Test/vendor/magento/framework/ObjectManager/ObjectManager.php(73): Magento\Framework\ObjectManager\Factory\Dynamic\Developer->create()
#16 /home/mohammed/Scandiweb_Test/vendor/magento/framework/ObjectManager/Factory/AbstractFactory.php(170): Magento\Framework\ObjectManager\ObjectManager->get()
#17 /home/mohammed/Scandiweb_Test/vendor/magento/framework/ObjectManager/Factory/AbstractFactory.php(276): Magento\Framework\ObjectManager\Factory\AbstractFactory->resolveArgument()
#18 /home/mohammed/Scandiweb_Test/vendor/magento/framework/ObjectManager/Factory/AbstractFactory.php(239): Magento\Framework\ObjectManager\Factory\AbstractFactory->getResolvedArgument()
#19 /home/mohammed/Scandiweb_Test/vendor/magento/framework/ObjectManager/Factory/Dynamic/Developer.php(34): Magento\Framework\ObjectManager\Factory\AbstractFactory->resolveArgumentsInRuntime()
#20 /home/mohammed/Scandiweb_Test/vendor/magento/framework/ObjectManager/Factory/Dynamic/Developer.php(59): Magento\Framework\ObjectManager\Factory\Dynamic\Developer->_resolveArguments()
#21 /home/mohammed/Scandiweb_Test/vendor/magento/framework/ObjectManager/ObjectManager.php(73): Magento\Framework\ObjectManager\Factory\Dynamic\Developer->create()
#22 /home/mohammed/Scandiweb_Test/vendor/magento/framework/ObjectManager/Factory/AbstractFactory.php(170): Magento\Framework\ObjectManager\ObjectManager->get()
#23 /home/mohammed/Scandiweb_Test/vendor/magento/framework/ObjectManager/Factory/AbstractFactory.php(276): Magento\Framework\ObjectManager\Factory\AbstractFactory->resolveArgument()
#24 /home/mohammed/Scandiweb_Test/vendor/magento/framework/ObjectManager/Factory/AbstractFactory.php(239): Magento\Framework\ObjectManager\Factory\AbstractFactory->getResolvedArgument()
#25 /home/mohammed/Scandiweb_Test/vendor/magento/framework/ObjectManager/Factory/Dynamic/Developer.php(34): Magento\Framework\ObjectManager\Factory\AbstractFactory->resolveArgumentsInRuntime()
#26 /home/mohammed/Scandiweb_Test/vendor/magento/framework/ObjectManager/Factory/Dynamic/Developer.php(59): Magento\Framework\ObjectManager\Factory\Dynamic\Developer->_resolveArguments()
#27 /home/mohammed/Scandiweb_Test/vendor/magento/framework/ObjectManager/ObjectManager.php(73): Magento\Framework\ObjectManager\Factory\Dynamic\Developer->create()
#28 /home/mohammed/Scandiweb_Test/vendor/magento/framework/ObjectManager/Factory/AbstractFactory.php(170): Magento\Framework\ObjectManager\ObjectManager->get()
#29 /home/mohammed/Scandiweb_Test/vendor/magento/framework/ObjectManager/Factory/AbstractFactory.php(276): Magento\Framework\ObjectManager\Factory\AbstractFactory->resolveArgument()
#30 /home/mohammed/Scandiweb_Test/vendor/magento/framework/ObjectManager/Factory/AbstractFactory.php(239): Magento\Framework\ObjectManager\Factory\AbstractFactory->getResolvedArgument()
#31 /home/mohammed/Scandiweb_Test/vendor/magento/framework/ObjectManager/Factory/Dynamic/Developer.php(34): Magento\Framework\ObjectManager\Factory\AbstractFactory->resolveArgumentsInRuntime()
#32 /home/mohammed/Scandiweb_Test/vendor/magento/framework/ObjectManager/Factory/Dynamic/Developer.php(59): Magento\Framework\ObjectManager\Factory\Dynamic\Developer->_resolveArguments()
#33 /home/mohammed/Scandiweb_Test/vendor/magento/framework/ObjectManager/ObjectManager.php(73): Magento\Framework\ObjectManager\Factory\Dynamic\Developer->create()
#34 /home/mohammed/Scandiweb_Test/vendor/magento/framework/ObjectManager/Factory/AbstractFactory.php(170): Magento\Framework\ObjectManager\ObjectManager->get()
#35 /home/mohammed/Scandiweb_Test/vendor/magento/framework/ObjectManager/Factory/AbstractFactory.php(276): Magento\Framework\ObjectManager\Factory\AbstractFactory->resolveArgument()
#36 /home/mohammed/Scandiweb_Test/vendor/magento/framework/ObjectManager/Factory/AbstractFactory.php(239): Magento\Framework\ObjectManager\Factory\AbstractFactory->getResolvedArgument()
#37 /home/mohammed/Scandiweb_Test/vendor/magento/framework/ObjectManager/Factory/Dynamic/Developer.php(34): Magento\Framework\ObjectManager\Factory\AbstractFactory->resolveArgumentsInRuntime()
#38 /home/mohammed/Scandiweb_Test/vendor/magento/framework/ObjectManager/Factory/Dynamic/Developer.php(59): Magento\Framework\ObjectManager\Factory\Dynamic\Developer->_resolveArguments()
#39 /home/mohammed/Scandiweb_Test/vendor/magento/framework/ObjectManager/ObjectManager.php(73): Magento\Framework\ObjectManager\Factory\Dynamic\Developer->create()
#40 /home/mohammed/Scandiweb_Test/vendor/magento/framework/Interception/PluginList/PluginList.php(173): Magento\Framework\ObjectManager\ObjectManager->get()
#41 /home/mohammed/Scandiweb_Test/vendor/magento/framework/Interception/Interceptor.php(144): Magento\Framework\Interception\PluginList\PluginList->getPlugin()
#42 /home/mohammed/Scandiweb_Test/vendor/magento/framework/Interception/Interceptor.php(153): Magento\Framework\App\MaintenanceMode\Interceptor->Magento\Framework\Interception\{closure}()
#43 /home/mohammed/Scandiweb_Test/generated/code/Magento/Framework/App/MaintenanceMode/Interceptor.php(32): Magento\Framework\App\MaintenanceMode\Interceptor->___callPlugins()
#44 /home/mohammed/Scandiweb_Test/setup/src/Magento/Setup/Model/Installer.php(1542): Magento\Framework\App\MaintenanceMode\Interceptor->set()
#45 [internal function]: Magento\Setup\Model\Installer->setMaintenanceMode()
#46 /home/mohammed/Scandiweb_Test/setup/src/Magento/Setup/Model/Installer.php(422): call_user_func_array()
#47 /home/mohammed/Scandiweb_Test/setup/src/Magento/Setup/Console/Command/InstallCommand.php(239): Magento\Setup\Model\Installer->install()
#48 /home/mohammed/Scandiweb_Test/vendor/symfony/console/Command/Command.php(326): Magento\Setup\Console\Command\InstallCommand->execute()
#49 /home/mohammed/Scandiweb_Test/vendor/symfony/console/Application.php(1078): Symfony\Component\Console\Command\Command->run()
#50 /home/mohammed/Scandiweb_Test/vendor/symfony/console/Application.php(324): Symfony\Component\Console\Application->doRunCommand()
#51 /home/mohammed/Scandiweb_Test/vendor/magento/framework/Console/Cli.php(122): Symfony\Component\Console\Application->doRun()
#52 /home/mohammed/Scandiweb_Test/vendor/symfony/console/Application.php(175): Magento\Framework\Console\Cli->doRun()
#53 /home/mohammed/Scandiweb_Test/bin/magento(23): Symfony\Component\Console\Application->run()
#54 {main} [] []
[2025-09-16T06:18:04.922835+00:00] main.ERROR: The default website isn't defined. Set the website and try again.
#0 /home/mohammed/Scandiweb_Test/vendor/magento/module-store/Model/StoreResolver/Website.php(49): Magento\Store\Model\WebsiteRepository->getDefault()
#1 /home/mohammed/Scandiweb_Test/vendor/magento/module-store/Model/StoresData.php(67): Magento\Store\Model\StoreResolver\Website->getAllowedStoreIds()
#2 /home/mohammed/Scandiweb_Test/vendor/magento/module-store/Model/StoreResolver.php(138): Magento\Store\Model\StoresData->getStoresData()
#3 /home/mohammed/Scandiweb_Test/vendor/magento/module-store/Model/StoreResolver.php(97): Magento\Store\Model\StoreResolver->getStoresData()
#4 /home/mohammed/Scandiweb_Test/generated/code/Magento/Store/Model/StoreResolver/Proxy.php(105): Magento\Store\Model\StoreResolver->getCurrentStoreId()
#5 /home/mohammed/Scandiweb_Test/vendor/magento/module-store/Model/StoreManager.php(159): Magento\Store\Model\StoreResolver\Proxy->getCurrentStoreId()
#6 /home/mohammed/Scandiweb_Test/generated/code/Magento/Store/Model/StoreManagerInterface/Proxy.php(129): Magento\Store\Model\StoreManager->getStore()
#7 /home/mohammed/Scandiweb_Test/vendor/magento/module-store/Model/Resolver/Store.php(30): Magento\Store\Model\StoreManagerInterface\Proxy->getStore()
#8 /home/mohammed/Scandiweb_Test/vendor/magento/framework/App/Config/ScopeCodeResolver.php(49): Magento\Store\Model\Resolver\Store->getScope()
#9 /home/mohammed/Scandiweb_Test/vendor/magento/framework/App/Config.php(63): Magento\Framework\App\Config\ScopeCodeResolver->resolve()
#10 /home/mohammed/Scandiweb_Test/vendor/magento/framework/Locale/Resolver.php(110): Magento\Framework\App\Config->getValue()
#11 /home/mohammed/Scandiweb_Test/vendor/magento/framework/Locale/Resolver.php(128): Magento\Framework\Locale\Resolver->getDefaultLocale()
#12 /home/mohammed/Scandiweb_Test/vendor/magento/framework/Locale/Resolver.php(82): Magento\Framework\Locale\Resolver->setLocale()
#13 /home/mohammed/Scandiweb_Test/vendor/magento/framework/ObjectManager/Factory/AbstractFactory.php(121): Magento\Framework\Locale\Resolver->__construct()
#14 /home/mohammed/Scandiweb_Test/vendor/magento/framework/ObjectManager/Factory/Dynamic/Developer.php(66): Magento\Framework\ObjectManager\Factory\AbstractFactory->createObject()
#15 /home/mohammed/Scandiweb_Test/vendor/magento/framework/ObjectManager/ObjectManager.php(73): Magento\Framework\ObjectManager\Factory\Dynamic\Developer->create()
#16 /home/mohammed/Scandiweb_Test/vendor/magento/framework/ObjectManager/Factory/AbstractFactory.php(170): Magento\Framework\ObjectManager\ObjectManager->get()
#17 /home/mohammed/Scandiweb_Test/vendor/magento/framework/ObjectManager/Factory/AbstractFactory.php(276): Magento\Framework\ObjectManager\Factory\AbstractFactory->resolveArgument()
#18 /home/mohammed/Scandiweb_Test/vendor/magento/framework/ObjectManager/Factory/AbstractFactory.php(239): Magento\Framework\ObjectManager\Factory\AbstractFactory->getResolvedArgument()
#19 /home/mohammed/Scandiweb_Test/vendor/magento/framework/ObjectManager/Factory/Dynamic/Developer.php(34): Magento\Framework\ObjectManager\Factory\AbstractFactory->resolveArgumentsInRuntime()
#20 /home/mohammed/Scandiweb_Test/vendor/magento/framework/ObjectManager/Factory/Dynamic/Developer.php(59): Magento\Framework\ObjectManager\Factory\Dynamic\Developer->_resolveArguments()
#21 /home/mohammed/Scandiweb_Test/vendor/magento/framework/ObjectManager/ObjectManager.php(73): Magento\Framework\ObjectManager\Factory\Dynamic\Developer->create()
#22 /home/mohammed/Scandiweb_Test/vendor/magento/framework/ObjectManager/Factory/AbstractFactory.php(170): Magento\Framework\ObjectManager\ObjectManager->get()
#23 /home/mohammed/Scandiweb_Test/vendor/magento/framework/ObjectManager/Factory/AbstractFactory.php(276): Magento\Framework\ObjectManager\Factory\AbstractFactory->resolveArgument()
#24 /home/mohammed/Scandiweb_Test/vendor/magento/framework/ObjectManager/Factory/AbstractFactory.php(239): Magento\Framework\ObjectManager\Factory\AbstractFactory->getResolvedArgument()
#25 /home/mohammed/Scandiweb_Test/vendor/magento/framework/ObjectManager/Factory/Dynamic/Developer.php(34): Magento\Framework\ObjectManager\Factory\AbstractFactory->resolveArgumentsInRuntime()
#26 /home/mohammed/Scandiweb_Test/vendor/magento/framework/ObjectManager/Factory/Dynamic/Developer.php(59): Magento\Framework\ObjectManager\Factory\Dynamic\Developer->_resolveArguments()
#27 /home/mohammed/Scandiweb_Test/vendor/magento/framework/ObjectManager/ObjectManager.php(73): Magento\Framework\ObjectManager\Factory\Dynamic\Developer->create()
#28 /home/mohammed/Scandiweb_Test/vendor/magento/framework/ObjectManager/Factory/AbstractFactory.php(170): Magento\Framework\ObjectManager\ObjectManager->get()
#29 /home/mohammed/Scandiweb_Test/vendor/magento/framework/ObjectManager/Factory/AbstractFactory.php(276): Magento\Framework\ObjectManager\Factory\AbstractFactory->resolveArgument()
#30 /home/mohammed/Scandiweb_Test/vendor/magento/framework/ObjectManager/Factory/AbstractFactory.php(239): Magento\Framework\ObjectManager\Factory\AbstractFactory->getResolvedArgument()
#31 /home/mohammed/Scandiweb_Test/vendor/magento/framework/ObjectManager/Factory/Dynamic/Developer.php(34): Magento\Framework\ObjectManager\Factory\AbstractFactory->resolveArgumentsInRuntime()
#32 /home/mohammed/Scandiweb_Test/vendor/magento/framework/ObjectManager/Factory/Dynamic/Developer.php(59): Magento\Framework\ObjectManager\Factory\Dynamic\Developer->_resolveArguments()
#33 /home/mohammed/Scandiweb_Test/vendor/magento/framework/ObjectManager/ObjectManager.php(73): Magento\Framework\ObjectManager\Factory\Dynamic\Developer->create()
#34 /home/mohammed/Scandiweb_Test/vendor/magento/framework/ObjectManager/Factory/AbstractFactory.php(170): Magento\Framework\ObjectManager\ObjectManager->get()
#35 /home/mohammed/Scandiweb_Test/vendor/magento/framework/ObjectManager/Factory/AbstractFactory.php(276): Magento\Framework\ObjectManager\Factory\AbstractFactory->resolveArgument()
#36 /home/mohammed/Scandiweb_Test/vendor/magento/framework/ObjectManager/Factory/AbstractFactory.php(239): Magento\Framework\ObjectManager\Factory\AbstractFactory->getResolvedArgument()
#37 /home/mohammed/Scandiweb_Test/vendor/magento/framework/ObjectManager/Factory/Dynamic/Developer.php(34): Magento\Framework\ObjectManager\Factory\AbstractFactory->resolveArgumentsInRuntime()
#38 /home/mohammed/Scandiweb_Test/vendor/magento/framework/ObjectManager/Factory/Dynamic/Developer.php(59): Magento\Framework\ObjectManager\Factory\Dynamic\Developer->_resolveArguments()
#39 /home/mohammed/Scandiweb_Test/vendor/magento/framework/ObjectManager/ObjectManager.php(73): Magento\Framework\ObjectManager\Factory\Dynamic\Developer->create()
#40 /home/mohammed/Scandiweb_Test/vendor/magento/framework/Interception/PluginList/PluginList.php(173): Magento\Framework\ObjectManager\ObjectManager->get()
#41 /home/mohammed/Scandiweb_Test/vendor/magento/framework/Interception/Interceptor.php(144): Magento\Framework\Interception\PluginList\PluginList->getPlugin()
#42 /home/mohammed/Scandiweb_Test/vendor/magento/framework/Interception/Interceptor.php(153): Magento\Framework\App\MaintenanceMode\Interceptor->Magento\Framework\Interception\{closure}()
#43 /home/mohammed/Scandiweb_Test/generated/code/Magento/Framework/App/MaintenanceMode/Interceptor.php(32): Magento\Framework\App\MaintenanceMode\Interceptor->___callPlugins()
#44 /home/mohammed/Scandiweb_Test/setup/src/Magento/Setup/Model/Installer.php(1542): Magento\Framework\App\MaintenanceMode\Interceptor->set()
#45 [internal function]: Magento\Setup\Model\Installer->setMaintenanceMode()
#46 /home/mohammed/Scandiweb_Test/setup/src/Magento/Setup/Model/Installer.php(422): call_user_func_array()
#47 /home/mohammed/Scandiweb_Test/setup/src/Magento/Setup/Console/Command/InstallCommand.php(239): Magento\Setup\Model\Installer->install()
#48 /home/mohammed/Scandiweb_Test/vendor/symfony/console/Command/Command.php(326): Magento\Setup\Console\Command\InstallCommand->execute()
#49 /home/mohammed/Scandiweb_Test/vendor/symfony/console/Application.php(1078): Symfony\Component\Console\Command\Command->run()
#50 /home/mohammed/Scandiweb_Test/vendor/symfony/console/Application.php(324): Symfony\Component\Console\Application->doRunCommand()
#51 /home/mohammed/Scandiweb_Test/vendor/magento/framework/Console/Cli.php(122): Symfony\Component\Console\Application->doRun()
#52 /home/mohammed/Scandiweb_Test/vendor/symfony/console/Application.php(175): Magento\Framework\Console\Cli->doRun()
#53 /home/mohammed/Scandiweb_Test/bin/magento(23): Symfony\Component\Console\Application->run()
#54 {main} [] []
[2025-09-16T06:20:18.725597+00:00] main.ERROR: The default website isn't defined. Set the website and try again.
#0 /home/mohammed/Scandiweb_Test/vendor/magento/module-store/Model/StoreResolver/Website.php(49): Magento\Store\Model\WebsiteRepository->getDefault()
#1 /home/mohammed/Scandiweb_Test/vendor/magento/module-store/Model/StoresData.php(67): Magento\Store\Model\StoreResolver\Website->getAllowedStoreIds()
#2 /home/mohammed/Scandiweb_Test/vendor/magento/module-store/Model/StoreResolver.php(138): Magento\Store\Model\StoresData->getStoresData()
#3 /home/mohammed/Scandiweb_Test/vendor/magento/module-store/Model/StoreResolver.php(97): Magento\Store\Model\StoreResolver->getStoresData()
#4 /home/mohammed/Scandiweb_Test/generated/code/Magento/Store/Model/StoreResolver/Proxy.php(105): Magento\Store\Model\StoreResolver->getCurrentStoreId()
#5 /home/mohammed/Scandiweb_Test/vendor/magento/module-store/Model/StoreManager.php(159): Magento\Store\Model\StoreResolver\Proxy->getCurrentStoreId()
#6 /home/mohammed/Scandiweb_Test/generated/code/Magento/Store/Model/StoreManagerInterface/Proxy.php(129): Magento\Store\Model\StoreManager->getStore()
#7 /home/mohammed/Scandiweb_Test/vendor/magento/module-store/Model/Resolver/Store.php(30): Magento\Store\Model\StoreManagerInterface\Proxy->getStore()
#8 /home/mohammed/Scandiweb_Test/vendor/magento/framework/App/Config/ScopeCodeResolver.php(49): Magento\Store\Model\Resolver\Store->getScope()
#9 /home/mohammed/Scandiweb_Test/vendor/magento/framework/App/Config.php(63): Magento\Framework\App\Config\ScopeCodeResolver->resolve()
#10 /home/mohammed/Scandiweb_Test/vendor/magento/framework/Locale/Resolver.php(110): Magento\Framework\App\Config->getValue()
#11 /home/mohammed/Scandiweb_Test/vendor/magento/framework/Locale/Resolver.php(128): Magento\Framework\Locale\Resolver->getDefaultLocale()
#12 /home/mohammed/Scandiweb_Test/vendor/magento/framework/Locale/Resolver.php(82): Magento\Framework\Locale\Resolver->setLocale()
#13 /home/mohammed/Scandiweb_Test/vendor/magento/framework/ObjectManager/Factory/AbstractFactory.php(121): Magento\Framework\Locale\Resolver->__construct()
#14 /home/mohammed/Scandiweb_Test/vendor/magento/framework/ObjectManager/Factory/Dynamic/Developer.php(66): Magento\Framework\ObjectManager\Factory\AbstractFactory->createObject()
#15 /home/mohammed/Scandiweb_Test/vendor/magento/framework/ObjectManager/ObjectManager.php(73): Magento\Framework\ObjectManager\Factory\Dynamic\Developer->create()
#16 /home/mohammed/Scandiweb_Test/vendor/magento/framework/ObjectManager/Factory/AbstractFactory.php(170): Magento\Framework\ObjectManager\ObjectManager->get()
#17 /home/mohammed/Scandiweb_Test/vendor/magento/framework/ObjectManager/Factory/AbstractFactory.php(276): Magento\Framework\ObjectManager\Factory\AbstractFactory->resolveArgument()
#18 /home/mohammed/Scandiweb_Test/vendor/magento/framework/ObjectManager/Factory/AbstractFactory.php(239): Magento\Framework\ObjectManager\Factory\AbstractFactory->getResolvedArgument()
#19 /home/mohammed/Scandiweb_Test/vendor/magento/framework/ObjectManager/Factory/Dynamic/Developer.php(34): Magento\Framework\ObjectManager\Factory\AbstractFactory->resolveArgumentsInRuntime()
#20 /home/mohammed/Scandiweb_Test/vendor/magento/framework/ObjectManager/Factory/Dynamic/Developer.php(59): Magento\Framework\ObjectManager\Factory\Dynamic\Developer->_resolveArguments()
#21 /home/mohammed/Scandiweb_Test/vendor/magento/framework/ObjectManager/ObjectManager.php(73): Magento\Framework\ObjectManager\Factory\Dynamic\Developer->create()
#22 /home/mohammed/Scandiweb_Test/vendor/magento/framework/ObjectManager/Factory/AbstractFactory.php(170): Magento\Framework\ObjectManager\ObjectManager->get()
#23 /home/mohammed/Scandiweb_Test/vendor/magento/framework/ObjectManager/Factory/AbstractFactory.php(276): Magento\Framework\ObjectManager\Factory\AbstractFactory->resolveArgument()
#24 /home/mohammed/Scandiweb_Test/vendor/magento/framework/ObjectManager/Factory/AbstractFactory.php(239): Magento\Framework\ObjectManager\Factory\AbstractFactory->getResolvedArgument()
#25 /home/mohammed/Scandiweb_Test/vendor/magento/framework/ObjectManager/Factory/Dynamic/Developer.php(34): Magento\Framework\ObjectManager\Factory\AbstractFactory->resolveArgumentsInRuntime()
#26 /home/mohammed/Scandiweb_Test/vendor/magento/framework/ObjectManager/Factory/Dynamic/Developer.php(59): Magento\Framework\ObjectManager\Factory\Dynamic\Developer->_resolveArguments()
#27 /home/mohammed/Scandiweb_Test/vendor/magento/framework/ObjectManager/ObjectManager.php(73): Magento\Framework\ObjectManager\Factory\Dynamic\Developer->create()
#28 /home/mohammed/Scandiweb_Test/vendor/magento/framework/ObjectManager/Factory/AbstractFactory.php(170): Magento\Framework\ObjectManager\ObjectManager->get()
#29 /home/mohammed/Scandiweb_Test/vendor/magento/framework/ObjectManager/Factory/AbstractFactory.php(276): Magento\Framework\ObjectManager\Factory\AbstractFactory->resolveArgument()
#30 /home/mohammed/Scandiweb_Test/vendor/magento/framework/ObjectManager/Factory/AbstractFactory.php(239): Magento\Framework\ObjectManager\Factory\AbstractFactory->getResolvedArgument()
#31 /home/mohammed/Scandiweb_Test/vendor/magento/framework/ObjectManager/Factory/Dynamic/Developer.php(34): Magento\Framework\ObjectManager\Factory\AbstractFactory->resolveArgumentsInRuntime()
#32 /home/mohammed/Scandiweb_Test/vendor/magento/framework/ObjectManager/Factory/Dynamic/Developer.php(59): Magento\Framework\ObjectManager\Factory\Dynamic\Developer->_resolveArguments()
#33 /home/mohammed/Scandiweb_Test/vendor/magento/framework/ObjectManager/ObjectManager.php(73): Magento\Framework\ObjectManager\Factory\Dynamic\Developer->create()
#34 /home/mohammed/Scandiweb_Test/vendor/magento/framework/ObjectManager/Factory/AbstractFactory.php(170): Magento\Framework\ObjectManager\ObjectManager->get()
#35 /home/mohammed/Scandiweb_Test/vendor/magento/framework/ObjectManager/Factory/AbstractFactory.php(276): Magento\Framework\ObjectManager\Factory\AbstractFactory->resolveArgument()
#36 /home/mohammed/Scandiweb_Test/vendor/magento/framework/ObjectManager/Factory/AbstractFactory.php(239): Magento\Framework\ObjectManager\Factory\AbstractFactory->getResolvedArgument()
#37 /home/mohammed/Scandiweb_Test/vendor/magento/framework/ObjectManager/Factory/Dynamic/Developer.php(34): Magento\Framework\ObjectManager\Factory\AbstractFactory->resolveArgumentsInRuntime()
#38 /home/mohammed/Scandiweb_Test/vendor/magento/framework/ObjectManager/Factory/Dynamic/Developer.php(59): Magento\Framework\ObjectManager\Factory\Dynamic\Developer->_resolveArguments()
#39 /home/mohammed/Scandiweb_Test/vendor/magento/framework/ObjectManager/ObjectManager.php(73): Magento\Framework\ObjectManager\Factory\Dynamic\Developer->create()
#40 /home/mohammed/Scandiweb_Test/vendor/magento/framework/Interception/PluginList/PluginList.php(173): Magento\Framework\ObjectManager\ObjectManager->get()
#41 /home/mohammed/Scandiweb_Test/vendor/magento/framework/Interception/Interceptor.php(144): Magento\Framework\Interception\PluginList\PluginList->getPlugin()
#42 /home/mohammed/Scandiweb_Test/vendor/magento/framework/Interception/Interceptor.php(153): Magento\Framework\App\MaintenanceMode\Interceptor->Magento\Framework\Interception\{closure}()
#43 /home/mohammed/Scandiweb_Test/generated/code/Magento/Framework/App/MaintenanceMode/Interceptor.php(32): Magento\Framework\App\MaintenanceMode\Interceptor->___callPlugins()
#44 /home/mohammed/Scandiweb_Test/setup/src/Magento/Setup/Model/Installer.php(1542): Magento\Framework\App\MaintenanceMode\Interceptor->set()
#45 [internal function]: Magento\Setup\Model\Installer->setMaintenanceMode()
#46 /home/mohammed/Scandiweb_Test/setup/src/Magento/Setup/Model/Installer.php(422): call_user_func_array()
#47 /home/mohammed/Scandiweb_Test/setup/src/Magento/Setup/Console/Command/InstallCommand.php(239): Magento\Setup\Model\Installer->install()
#48 /home/mohammed/Scandiweb_Test/vendor/symfony/console/Command/Command.php(326): Magento\Setup\Console\Command\InstallCommand->execute()
#49 /home/mohammed/Scandiweb_Test/vendor/symfony/console/Application.php(1078): Symfony\Component\Console\Command\Command->run()
#50 /home/mohammed/Scandiweb_Test/vendor/symfony/console/Application.php(324): Symfony\Component\Console\Application->doRunCommand()
#51 /home/mohammed/Scandiweb_Test/vendor/magento/framework/Console/Cli.php(122): Symfony\Component\Console\Application->doRun()
#52 /home/mohammed/Scandiweb_Test/vendor/symfony/console/Application.php(175): Magento\Framework\Console\Cli->doRun()
#53 /home/mohammed/Scandiweb_Test/bin/magento(23): Symfony\Component\Console\Application->run()
#54 {main} [] []
[2025-09-16T06:21:20.121698+00:00] main.ERROR: Parameter validation failed
#0 /home/mohammed/Scandiweb_Test/vendor/symfony/console/Command/Command.php(292): Magento\Setup\Console\Command\InstallCommand->initialize()
#1 /home/mohammed/Scandiweb_Test/vendor/symfony/console/Application.php(1078): Symfony\Component\Console\Command\Command->run()
#2 /home/mohammed/Scandiweb_Test/vendor/symfony/console/Application.php(324): Symfony\Component\Console\Application->doRunCommand()
#3 /home/mohammed/Scandiweb_Test/vendor/magento/framework/Console/Cli.php(122): Symfony\Component\Console\Application->doRun()
#4 /home/mohammed/Scandiweb_Test/vendor/symfony/console/Application.php(175): Magento\Framework\Console\Cli->doRun()
#5 /home/mohammed/Scandiweb_Test/bin/magento(23): Symfony\Component\Console\Application->run()
#6 {main} [] []
[2025-09-16T06:21:56.660412+00:00] main.ERROR: Parameter validation failed
#0 /home/mohammed/Scandiweb_Test/vendor/symfony/console/Command/Command.php(292): Magento\Setup\Console\Command\InstallCommand->initialize()
#1 /home/mohammed/Scandiweb_Test/vendor/symfony/console/Application.php(1078): Symfony\Component\Console\Command\Command->run()
#2 /home/mohammed/Scandiweb_Test/vendor/symfony/console/Application.php(324): Symfony\Component\Console\Application->doRunCommand()
#3 /home/mohammed/Scandiweb_Test/vendor/magento/framework/Console/Cli.php(122): Symfony\Component\Console\Application->doRun()
#4 /home/mohammed/Scandiweb_Test/vendor/symfony/console/Application.php(175): Magento\Framework\Console\Cli->doRun()
#5 /home/mohammed/Scandiweb_Test/bin/magento(23): Symfony\Component\Console\Application->run()
#6 {main} [] []
[2025-09-16T06:22:57.940888+00:00] main.ERROR: Parameter validation failed
#0 /home/mohammed/Scandiweb_Test/vendor/symfony/console/Command/Command.php(292): Magento\Setup\Console\Command\InstallCommand->initialize()
#1 /home/mohammed/Scandiweb_Test/vendor/symfony/console/Application.php(1078): Symfony\Component\Console\Command\Command->run()
#2 /home/mohammed/Scandiweb_Test/vendor/symfony/console/Application.php(324): Symfony\Component\Console\Application->doRunCommand()
#3 /home/mohammed/Scandiweb_Test/vendor/magento/framework/Console/Cli.php(122): Symfony\Component\Console\Application->doRun()
#4 /home/mohammed/Scandiweb_Test/vendor/symfony/console/Application.php(175): Magento\Framework\Console\Cli->doRun()
#5 /home/mohammed/Scandiweb_Test/bin/magento(23): Symfony\Component\Console\Application->run()
#6 {main} [] []
[2025-09-16T06:23:16.719502+00:00] main.ERROR: Parameter validation failed
#0 /home/mohammed/Scandiweb_Test/vendor/symfony/console/Command/Command.php(292): Magento\Setup\Console\Command\InstallCommand->initialize()
#1 /home/mohammed/Scandiweb_Test/vendor/symfony/console/Application.php(1078): Symfony\Component\Console\Command\Command->run()
#2 /home/mohammed/Scandiweb_Test/vendor/symfony/console/Application.php(324): Symfony\Component\Console\Application->doRunCommand()
#3 /home/mohammed/Scandiweb_Test/vendor/magento/framework/Console/Cli.php(122): Symfony\Component\Console\Application->doRun()
#4 /home/mohammed/Scandiweb_Test/vendor/symfony/console/Application.php(175): Magento\Framework\Console\Cli->doRun()
#5 /home/mohammed/Scandiweb_Test/bin/magento(23): Symfony\Component\Console\Application->run()
#6 {main} [] []
[2025-09-16T06:23:54.522228+00:00] main.ERROR: The default website isn't defined. Set the website and try again.
#0 /home/mohammed/Scandiweb_Test/vendor/magento/module-store/Model/StoreResolver/Website.php(49): Magento\Store\Model\WebsiteRepository->getDefault()
#1 /home/mohammed/Scandiweb_Test/vendor/magento/module-store/Model/StoresData.php(67): Magento\Store\Model\StoreResolver\Website->getAllowedStoreIds()
#2 /home/mohammed/Scandiweb_Test/vendor/magento/module-store/Model/StoreResolver.php(138): Magento\Store\Model\StoresData->getStoresData()
#3 /home/mohammed/Scandiweb_Test/vendor/magento/module-store/Model/StoreResolver.php(97): Magento\Store\Model\StoreResolver->getStoresData()
#4 /home/mohammed/Scandiweb_Test/generated/code/Magento/Store/Model/StoreResolver/Proxy.php(105): Magento\Store\Model\StoreResolver->getCurrentStoreId()
#5 /home/mohammed/Scandiweb_Test/vendor/magento/module-store/Model/StoreManager.php(159): Magento\Store\Model\StoreResolver\Proxy->getCurrentStoreId()
#6 /home/mohammed/Scandiweb_Test/generated/code/Magento/Store/Model/StoreManagerInterface/Proxy.php(129): Magento\Store\Model\StoreManager->getStore()
#7 /home/mohammed/Scandiweb_Test/vendor/magento/module-store/Model/Resolver/Store.php(30): Magento\Store\Model\StoreManagerInterface\Proxy->getStore()
#8 /home/mohammed/Scandiweb_Test/vendor/magento/framework/App/Config/ScopeCodeResolver.php(49): Magento\Store\Model\Resolver\Store->getScope()
#9 /home/mohammed/Scandiweb_Test/vendor/magento/framework/App/Config.php(63): Magento\Framework\App\Config\ScopeCodeResolver->resolve()
#10 /home/mohammed/Scandiweb_Test/vendor/magento/framework/Locale/Resolver.php(110): Magento\Framework\App\Config->getValue()
#11 /home/mohammed/Scandiweb_Test/vendor/magento/framework/Locale/Resolver.php(128): Magento\Framework\Locale\Resolver->getDefaultLocale()
#12 /home/mohammed/Scandiweb_Test/vendor/magento/framework/Locale/Resolver.php(82): Magento\Framework\Locale\Resolver->setLocale()
#13 /home/mohammed/Scandiweb_Test/vendor/magento/framework/ObjectManager/Factory/AbstractFactory.php(121): Magento\Framework\Locale\Resolver->__construct()
#14 /home/mohammed/Scandiweb_Test/vendor/magento/framework/ObjectManager/Factory/Dynamic/Developer.php(66): Magento\Framework\ObjectManager\Factory\AbstractFactory->createObject()
#15 /home/mohammed/Scandiweb_Test/vendor/magento/framework/ObjectManager/ObjectManager.php(73): Magento\Framework\ObjectManager\Factory\Dynamic\Developer->create()
#16 /home/mohammed/Scandiweb_Test/vendor/magento/framework/ObjectManager/Factory/AbstractFactory.php(170): Magento\Framework\ObjectManager\ObjectManager->get()
#17 /home/mohammed/Scandiweb_Test/vendor/magento/framework/ObjectManager/Factory/AbstractFactory.php(276): Magento\Framework\ObjectManager\Factory\AbstractFactory->resolveArgument()
#18 /home/mohammed/Scandiweb_Test/vendor/magento/framework/ObjectManager/Factory/AbstractFactory.php(239): Magento\Framework\ObjectManager\Factory\AbstractFactory->getResolvedArgument()
#19 /home/mohammed/Scandiweb_Test/vendor/magento/framework/ObjectManager/Factory/Dynamic/Developer.php(34): Magento\Framework\ObjectManager\Factory\AbstractFactory->resolveArgumentsInRuntime()
#20 /home/mohammed/Scandiweb_Test/vendor/magento/framework/ObjectManager/Factory/Dynamic/Developer.php(59): Magento\Framework\ObjectManager\Factory\Dynamic\Developer->_resolveArguments()
#21 /home/mohammed/Scandiweb_Test/vendor/magento/framework/ObjectManager/ObjectManager.php(73): Magento\Framework\ObjectManager\Factory\Dynamic\Developer->create()
#22 /home/mohammed/Scandiweb_Test/vendor/magento/framework/ObjectManager/Factory/AbstractFactory.php(170): Magento\Framework\ObjectManager\ObjectManager->get()
#23 /home/mohammed/Scandiweb_Test/vendor/magento/framework/ObjectManager/Factory/AbstractFactory.php(276): Magento\Framework\ObjectManager\Factory\AbstractFactory->resolveArgument()
#24 /home/mohammed/Scandiweb_Test/vendor/magento/framework/ObjectManager/Factory/AbstractFactory.php(239): Magento\Framework\ObjectManager\Factory\AbstractFactory->getResolvedArgument()
#25 /home/mohammed/Scandiweb_Test/vendor/magento/framework/ObjectManager/Factory/Dynamic/Developer.php(34): Magento\Framework\ObjectManager\Factory\AbstractFactory->resolveArgumentsInRuntime()
#26 /home/mohammed/Scandiweb_Test/vendor/magento/framework/ObjectManager/Factory/Dynamic/Developer.php(59): Magento\Framework\ObjectManager\Factory\Dynamic\Developer->_resolveArguments()
#27 /home/mohammed/Scandiweb_Test/vendor/magento/framework/ObjectManager/ObjectManager.php(73): Magento\Framework\ObjectManager\Factory\Dynamic\Developer->create()
#28 /home/mohammed/Scandiweb_Test/vendor/magento/framework/ObjectManager/Factory/AbstractFactory.php(170): Magento\Framework\ObjectManager\ObjectManager->get()
#29 /home/mohammed/Scandiweb_Test/vendor/magento/framework/ObjectManager/Factory/AbstractFactory.php(276): Magento\Framework\ObjectManager\Factory\AbstractFactory->resolveArgument()
#30 /home/mohammed/Scandiweb_Test/vendor/magento/framework/ObjectManager/Factory/AbstractFactory.php(239): Magento\Framework\ObjectManager\Factory\AbstractFactory->getResolvedArgument()
#31 /home/mohammed/Scandiweb_Test/vendor/magento/framework/ObjectManager/Factory/Dynamic/Developer.php(34): Magento\Framework\ObjectManager\Factory\AbstractFactory->resolveArgumentsInRuntime()
#32 /home/mohammed/Scandiweb_Test/vendor/magento/framework/ObjectManager/Factory/Dynamic/Developer.php(59): Magento\Framework\ObjectManager\Factory\Dynamic\Developer->_resolveArguments()
#33 /home/mohammed/Scandiweb_Test/vendor/magento/framework/ObjectManager/ObjectManager.php(73): Magento\Framework\ObjectManager\Factory\Dynamic\Developer->create()
#34 /home/mohammed/Scandiweb_Test/vendor/magento/framework/ObjectManager/Factory/AbstractFactory.php(170): Magento\Framework\ObjectManager\ObjectManager->get()
#35 /home/mohammed/Scandiweb_Test/vendor/magento/framework/ObjectManager/Factory/AbstractFactory.php(276): Magento\Framework\ObjectManager\Factory\AbstractFactory->resolveArgument()
#36 /home/mohammed/Scandiweb_Test/vendor/magento/framework/ObjectManager/Factory/AbstractFactory.php(239): Magento\Framework\ObjectManager\Factory\AbstractFactory->getResolvedArgument()
#37 /home/mohammed/Scandiweb_Test/vendor/magento/framework/ObjectManager/Factory/Dynamic/Developer.php(34): Magento\Framework\ObjectManager\Factory\AbstractFactory->resolveArgumentsInRuntime()
#38 /home/mohammed/Scandiweb_Test/vendor/magento/framework/ObjectManager/Factory/Dynamic/Developer.php(59): Magento\Framework\ObjectManager\Factory\Dynamic\Developer->_resolveArguments()
#39 /home/mohammed/Scandiweb_Test/vendor/magento/framework/ObjectManager/ObjectManager.php(73): Magento\Framework\ObjectManager\Factory\Dynamic\Developer->create()
#40 /home/mohammed/Scandiweb_Test/vendor/magento/framework/Interception/PluginList/PluginList.php(173): Magento\Framework\ObjectManager\ObjectManager->get()
#41 /home/mohammed/Scandiweb_Test/vendor/magento/framework/Interception/Interceptor.php(144): Magento\Framework\Interception\PluginList\PluginList->getPlugin()
#42 /home/mohammed/Scandiweb_Test/vendor/magento/framework/Interception/Interceptor.php(153): Magento\Framework\App\MaintenanceMode\Interceptor->Magento\Framework\Interception\{closure}()
#43 /home/mohammed/Scandiweb_Test/generated/code/Magento/Framework/App/MaintenanceMode/Interceptor.php(32): Magento\Framework\App\MaintenanceMode\Interceptor->___callPlugins()
#44 /home/mohammed/Scandiweb_Test/setup/src/Magento/Setup/Model/Installer.php(1542): Magento\Framework\App\MaintenanceMode\Interceptor->set()
#45 [internal function]: Magento\Setup\Model\Installer->setMaintenanceMode()
#46 /home/mohammed/Scandiweb_Test/setup/src/Magento/Setup/Model/Installer.php(422): call_user_func_array()
#47 /home/mohammed/Scandiweb_Test/setup/src/Magento/Setup/Console/Command/InstallCommand.php(239): Magento\Setup\Model\Installer->install()
#48 /home/mohammed/Scandiweb_Test/vendor/symfony/console/Command/Command.php(326): Magento\Setup\Console\Command\InstallCommand->execute()
#49 /home/mohammed/Scandiweb_Test/vendor/symfony/console/Application.php(1078): Symfony\Component\Console\Command\Command->run()
#50 /home/mohammed/Scandiweb_Test/vendor/symfony/console/Application.php(324): Symfony\Component\Console\Application->doRunCommand()
#51 /home/mohammed/Scandiweb_Test/vendor/magento/framework/Console/Cli.php(122): Symfony\Component\Console\Application->doRun()
#52 /home/mohammed/Scandiweb_Test/vendor/symfony/console/Application.php(175): Magento\Framework\Console\Cli->doRun()
#53 /home/mohammed/Scandiweb_Test/bin/magento(23): Symfony\Component\Console\Application->run()
#54 {main} [] []
[2025-09-16T06:24:04.314391+00:00] main.ERROR: Parameter validation failed
#0 /home/mohammed/Scandiweb_Test/vendor/symfony/console/Command/Command.php(292): Magento\Setup\Console\Command\InstallCommand->initialize()
#1 /home/mohammed/Scandiweb_Test/vendor/symfony/console/Application.php(1078): Symfony\Component\Console\Command\Command->run()
#2 /home/mohammed/Scandiweb_Test/vendor/symfony/console/Application.php(324): Symfony\Component\Console\Application->doRunCommand()
#3 /home/mohammed/Scandiweb_Test/vendor/magento/framework/Console/Cli.php(122): Symfony\Component\Console\Application->doRun()
#4 /home/mohammed/Scandiweb_Test/vendor/symfony/console/Application.php(175): Magento\Framework\Console\Cli->doRun()
#5 /home/mohammed/Scandiweb_Test/bin/magento(23): Symfony\Component\Console\Application->run()
#6 {main} [] []
[2025-09-16T06:24:13.525714+00:00] main.ERROR: Parameter validation failed
#0 /home/mohammed/Scandiweb_Test/vendor/symfony/console/Command/Command.php(292): Magento\Setup\Console\Command\InstallCommand->initialize()
#1 /home/mohammed/Scandiweb_Test/vendor/symfony/console/Application.php(1078): Symfony\Component\Console\Command\Command->run()
#2 /home/mohammed/Scandiweb_Test/vendor/symfony/console/Application.php(324): Symfony\Component\Console\Application->doRunCommand()
#3 /home/mohammed/Scandiweb_Test/vendor/magento/framework/Console/Cli.php(122): Symfony\Component\Console\Application->doRun()
#4 /home/mohammed/Scandiweb_Test/vendor/symfony/console/Application.php(175): Magento\Framework\Console\Cli->doRun()
#5 /home/mohammed/Scandiweb_Test/bin/magento(23): Symfony\Component\Console\Application->run()
#6 {main} [] []
[2025-09-16T06:25:54.132941+00:00] main.ERROR: The default website isn't defined. Set the website and try again.
#0 /home/mohammed/Scandiweb_Test/vendor/magento/module-store/Model/StoreResolver/Website.php(49): Magento\Store\Model\WebsiteRepository->getDefault()
#1 /home/mohammed/Scandiweb_Test/vendor/magento/module-store/Model/StoresData.php(67): Magento\Store\Model\StoreResolver\Website->getAllowedStoreIds()
#2 /home/mohammed/Scandiweb_Test/vendor/magento/module-store/Model/StoreResolver.php(138): Magento\Store\Model\StoresData->getStoresData()
#3 /home/mohammed/Scandiweb_Test/vendor/magento/module-store/Model/StoreResolver.php(97): Magento\Store\Model\StoreResolver->getStoresData()
#4 /home/mohammed/Scandiweb_Test/generated/code/Magento/Store/Model/StoreResolver/Proxy.php(105): Magento\Store\Model\StoreResolver->getCurrentStoreId()
#5 /home/mohammed/Scandiweb_Test/vendor/magento/module-store/Model/StoreManager.php(159): Magento\Store\Model\StoreResolver\Proxy->getCurrentStoreId()
#6 /home/mohammed/Scandiweb_Test/generated/code/Magento/Store/Model/StoreManagerInterface/Proxy.php(129): Magento\Store\Model\StoreManager->getStore()
#7 /home/mohammed/Scandiweb_Test/vendor/magento/module-store/Model/Resolver/Store.php(30): Magento\Store\Model\StoreManagerInterface\Proxy->getStore()
#8 /home/mohammed/Scandiweb_Test/vendor/magento/framework/App/Config/ScopeCodeResolver.php(49): Magento\Store\Model\Resolver\Store->getScope()
#9 /home/mohammed/Scandiweb_Test/vendor/magento/framework/App/Config.php(63): Magento\Framework\App\Config\ScopeCodeResolver->resolve()
#10 /home/mohammed/Scandiweb_Test/vendor/magento/framework/Locale/Resolver.php(110): Magento\Framework\App\Config->getValue()
#11 /home/mohammed/Scandiweb_Test/vendor/magento/framework/Locale/Resolver.php(128): Magento\Framework\Locale\Resolver->getDefaultLocale()
#12 /home/mohammed/Scandiweb_Test/vendor/magento/framework/Locale/Resolver.php(82): Magento\Framework\Locale\Resolver->setLocale()
#13 /home/mohammed/Scandiweb_Test/vendor/magento/framework/ObjectManager/Factory/AbstractFactory.php(121): Magento\Framework\Locale\Resolver->__construct()
#14 /home/mohammed/Scandiweb_Test/vendor/magento/framework/ObjectManager/Factory/Dynamic/Developer.php(66): Magento\Framework\ObjectManager\Factory\AbstractFactory->createObject()
#15 /home/mohammed/Scandiweb_Test/vendor/magento/framework/ObjectManager/ObjectManager.php(73): Magento\Framework\ObjectManager\Factory\Dynamic\Developer->create()
#16 /home/mohammed/Scandiweb_Test/vendor/magento/framework/ObjectManager/Factory/AbstractFactory.php(170): Magento\Framework\ObjectManager\ObjectManager->get()
#17 /home/mohammed/Scandiweb_Test/vendor/magento/framework/ObjectManager/Factory/AbstractFactory.php(276): Magento\Framework\ObjectManager\Factory\AbstractFactory->resolveArgument()
#18 /home/mohammed/Scandiweb_Test/vendor/magento/framework/ObjectManager/Factory/AbstractFactory.php(239): Magento\Framework\ObjectManager\Factory\AbstractFactory->getResolvedArgument()
#19 /home/mohammed/Scandiweb_Test/vendor/magento/framework/ObjectManager/Factory/Dynamic/Developer.php(34): Magento\Framework\ObjectManager\Factory\AbstractFactory->resolveArgumentsInRuntime()
#20 /home/mohammed/Scandiweb_Test/vendor/magento/framework/ObjectManager/Factory/Dynamic/Developer.php(59): Magento\Framework\ObjectManager\Factory\Dynamic\Developer->_resolveArguments()
#21 /home/mohammed/Scandiweb_Test/vendor/magento/framework/ObjectManager/ObjectManager.php(73): Magento\Framework\ObjectManager\Factory\Dynamic\Developer->create()
#22 /home/mohammed/Scandiweb_Test/vendor/magento/framework/ObjectManager/Factory/AbstractFactory.php(170): Magento\Framework\ObjectManager\ObjectManager->get()
#23 /home/mohammed/Scandiweb_Test/vendor/magento/framework/ObjectManager/Factory/AbstractFactory.php(276): Magento\Framework\ObjectManager\Factory\AbstractFactory->resolveArgument()
#24 /home/mohammed/Scandiweb_Test/vendor/magento/framework/ObjectManager/Factory/AbstractFactory.php(239): Magento\Framework\ObjectManager\Factory\AbstractFactory->getResolvedArgument()
#25 /home/mohammed/Scandiweb_Test/vendor/magento/framework/ObjectManager/Factory/Dynamic/Developer.php(34): Magento\Framework\ObjectManager\Factory\AbstractFactory->resolveArgumentsInRuntime()
#26 /home/mohammed/Scandiweb_Test/vendor/magento/framework/ObjectManager/Factory/Dynamic/Developer.php(59): Magento\Framework\ObjectManager\Factory\Dynamic\Developer->_resolveArguments()
#27 /home/mohammed/Scandiweb_Test/vendor/magento/framework/ObjectManager/ObjectManager.php(73): Magento\Framework\ObjectManager\Factory\Dynamic\Developer->create()
#28 /home/mohammed/Scandiweb_Test/vendor/magento/framework/ObjectManager/Factory/AbstractFactory.php(170): Magento\Framework\ObjectManager\ObjectManager->get()
#29 /home/mohammed/Scandiweb_Test/vendor/magento/framework/ObjectManager/Factory/AbstractFactory.php(276): Magento\Framework\ObjectManager\Factory\AbstractFactory->resolveArgument()
#30 /home/mohammed/Scandiweb_Test/vendor/magento/framework/ObjectManager/Factory/AbstractFactory.php(239): Magento\Framework\ObjectManager\Factory\AbstractFactory->getResolvedArgument()
#31 /home/mohammed/Scandiweb_Test/vendor/magento/framework/ObjectManager/Factory/Dynamic/Developer.php(34): Magento\Framework\ObjectManager\Factory\AbstractFactory->resolveArgumentsInRuntime()
#32 /home/mohammed/Scandiweb_Test/vendor/magento/framework/ObjectManager/Factory/Dynamic/Developer.php(59): Magento\Framework\ObjectManager\Factory\Dynamic\Developer->_resolveArguments()
#33 /home/mohammed/Scandiweb_Test/vendor/magento/framework/ObjectManager/ObjectManager.php(73): Magento\Framework\ObjectManager\Factory\Dynamic\Developer->create()
#34 /home/mohammed/Scandiweb_Test/vendor/magento/framework/ObjectManager/Factory/AbstractFactory.php(170): Magento\Framework\ObjectManager\ObjectManager->get()
#35 /home/mohammed/Scandiweb_Test/vendor/magento/framework/ObjectManager/Factory/AbstractFactory.php(276): Magento\Framework\ObjectManager\Factory\AbstractFactory->resolveArgument()
#36 /home/mohammed/Scandiweb_Test/vendor/magento/framework/ObjectManager/Factory/AbstractFactory.php(239): Magento\Framework\ObjectManager\Factory\AbstractFactory->getResolvedArgument()
#37 /home/mohammed/Scandiweb_Test/vendor/magento/framework/ObjectManager/Factory/Dynamic/Developer.php(34): Magento\Framework\ObjectManager\Factory\AbstractFactory->resolveArgumentsInRuntime()
#38 /home/mohammed/Scandiweb_Test/vendor/magento/framework/ObjectManager/Factory/Dynamic/Developer.php(59): Magento\Framework\ObjectManager\Factory\Dynamic\Developer->_resolveArguments()
#39 /home/mohammed/Scandiweb_Test/vendor/magento/framework/ObjectManager/ObjectManager.php(73): Magento\Framework\ObjectManager\Factory\Dynamic\Developer->create()
#40 /home/mohammed/Scandiweb_Test/vendor/magento/framework/Interception/PluginList/PluginList.php(173): Magento\Framework\ObjectManager\ObjectManager->get()
#41 /home/mohammed/Scandiweb_Test/vendor/magento/framework/Interception/Interceptor.php(144): Magento\Framework\Interception\PluginList\PluginList->getPlugin()
#42 /home/mohammed/Scandiweb_Test/vendor/magento/framework/Interception/Interceptor.php(153): Magento\Framework\App\MaintenanceMode\Interceptor->Magento\Framework\Interception\{closure}()
#43 /home/mohammed/Scandiweb_Test/generated/code/Magento/Framework/App/MaintenanceMode/Interceptor.php(32): Magento\Framework\App\MaintenanceMode\Interceptor->___callPlugins()
#44 /home/mohammed/Scandiweb_Test/setup/src/Magento/Setup/Model/Installer.php(1542): Magento\Framework\App\MaintenanceMode\Interceptor->set()
#45 [internal function]: Magento\Setup\Model\Installer->setMaintenanceMode()
#46 /home/mohammed/Scandiweb_Test/setup/src/Magento/Setup/Model/Installer.php(422): call_user_func_array()
#47 /home/mohammed/Scandiweb_Test/setup/src/Magento/Setup/Console/Command/InstallCommand.php(239): Magento\Setup\Model\Installer->install()
#48 /home/mohammed/Scandiweb_Test/vendor/symfony/console/Command/Command.php(326): Magento\Setup\Console\Command\InstallCommand->execute()
#49 /home/mohammed/Scandiweb_Test/vendor/symfony/console/Application.php(1078): Symfony\Component\Console\Command\Command->run()
#50 /home/mohammed/Scandiweb_Test/vendor/symfony/console/Application.php(324): Symfony\Component\Console\Application->doRunCommand()
#51 /home/mohammed/Scandiweb_Test/vendor/magento/framework/Console/Cli.php(122): Symfony\Component\Console\Application->doRun()
#52 /home/mohammed/Scandiweb_Test/vendor/symfony/console/Application.php(175): Magento\Framework\Console\Cli->doRun()
#53 /home/mohammed/Scandiweb_Test/bin/magento(23): Symfony\Component\Console\Application->run()
#54 {main} [] []
[2025-09-16T06:25:55.536107+00:00] main.ERROR: The default website isn't defined. Set the website and try again.
#0 /home/mohammed/Scandiweb_Test/vendor/magento/module-store/Model/StoreResolver/Website.php(49): Magento\Store\Model\WebsiteRepository->getDefault()
#1 /home/mohammed/Scandiweb_Test/vendor/magento/module-store/Model/StoresData.php(67): Magento\Store\Model\StoreResolver\Website->getAllowedStoreIds()
#2 /home/mohammed/Scandiweb_Test/vendor/magento/module-store/Model/StoreResolver.php(138): Magento\Store\Model\StoresData->getStoresData()
#3 /home/mohammed/Scandiweb_Test/vendor/magento/module-store/Model/StoreResolver.php(97): Magento\Store\Model\StoreResolver->getStoresData()
#4 /home/mohammed/Scandiweb_Test/generated/code/Magento/Store/Model/StoreResolver/Proxy.php(105): Magento\Store\Model\StoreResolver->getCurrentStoreId()
#5 /home/mohammed/Scandiweb_Test/vendor/magento/module-store/Model/StoreManager.php(159): Magento\Store\Model\StoreResolver\Proxy->getCurrentStoreId()
#6 /home/mohammed/Scandiweb_Test/generated/code/Magento/Store/Model/StoreManagerInterface/Proxy.php(129): Magento\Store\Model\StoreManager->getStore()
#7 /home/mohammed/Scandiweb_Test/vendor/magento/module-store/Model/Resolver/Store.php(30): Magento\Store\Model\StoreManagerInterface\Proxy->getStore()
#8 /home/mohammed/Scandiweb_Test/vendor/magento/framework/App/Config/ScopeCodeResolver.php(49): Magento\Store\Model\Resolver\Store->getScope()
#9 /home/mohammed/Scandiweb_Test/vendor/magento/framework/App/Config.php(63): Magento\Framework\App\Config\ScopeCodeResolver->resolve()
#10 /home/mohammed/Scandiweb_Test/vendor/magento/framework/Locale/Resolver.php(110): Magento\Framework\App\Config->getValue()
#11 /home/mohammed/Scandiweb_Test/vendor/magento/framework/Locale/Resolver.php(128): Magento\Framework\Locale\Resolver->getDefaultLocale()
#12 /home/mohammed/Scandiweb_Test/vendor/magento/framework/Locale/Resolver.php(82): Magento\Framework\Locale\Resolver->setLocale()
#13 /home/mohammed/Scandiweb_Test/vendor/magento/framework/ObjectManager/Factory/AbstractFactory.php(121): Magento\Framework\Locale\Resolver->__construct()
#14 /home/mohammed/Scandiweb_Test/vendor/magento/framework/ObjectManager/Factory/Dynamic/Developer.php(66): Magento\Framework\ObjectManager\Factory\AbstractFactory->createObject()
#15 /home/mohammed/Scandiweb_Test/vendor/magento/framework/ObjectManager/ObjectManager.php(73): Magento\Framework\ObjectManager\Factory\Dynamic\Developer->create()
#16 /home/mohammed/Scandiweb_Test/vendor/magento/framework/ObjectManager/Factory/AbstractFactory.php(170): Magento\Framework\ObjectManager\ObjectManager->get()
#17 /home/mohammed/Scandiweb_Test/vendor/magento/framework/ObjectManager/Factory/AbstractFactory.php(276): Magento\Framework\ObjectManager\Factory\AbstractFactory->resolveArgument()
#18 /home/mohammed/Scandiweb_Test/vendor/magento/framework/ObjectManager/Factory/AbstractFactory.php(239): Magento\Framework\ObjectManager\Factory\AbstractFactory->getResolvedArgument()
#19 /home/mohammed/Scandiweb_Test/vendor/magento/framework/ObjectManager/Factory/Dynamic/Developer.php(34): Magento\Framework\ObjectManager\Factory\AbstractFactory->resolveArgumentsInRuntime()
#20 /home/mohammed/Scandiweb_Test/vendor/magento/framework/ObjectManager/Factory/Dynamic/Developer.php(59): Magento\Framework\ObjectManager\Factory\Dynamic\Developer->_resolveArguments()
#21 /home/mohammed/Scandiweb_Test/vendor/magento/framework/ObjectManager/ObjectManager.php(73): Magento\Framework\ObjectManager\Factory\Dynamic\Developer->create()
#22 /home/mohammed/Scandiweb_Test/vendor/magento/framework/ObjectManager/Factory/AbstractFactory.php(170): Magento\Framework\ObjectManager\ObjectManager->get()
#23 /home/mohammed/Scandiweb_Test/vendor/magento/framework/ObjectManager/Factory/AbstractFactory.php(276): Magento\Framework\ObjectManager\Factory\AbstractFactory->resolveArgument()
#24 /home/mohammed/Scandiweb_Test/vendor/magento/framework/ObjectManager/Factory/AbstractFactory.php(239): Magento\Framework\ObjectManager\Factory\AbstractFactory->getResolvedArgument()
#25 /home/mohammed/Scandiweb_Test/vendor/magento/framework/ObjectManager/Factory/Dynamic/Developer.php(34): Magento\Framework\ObjectManager\Factory\AbstractFactory->resolveArgumentsInRuntime()
#26 /home/mohammed/Scandiweb_Test/vendor/magento/framework/ObjectManager/Factory/Dynamic/Developer.php(59): Magento\Framework\ObjectManager\Factory\Dynamic\Developer->_resolveArguments()
#27 /home/mohammed/Scandiweb_Test/vendor/magento/framework/ObjectManager/ObjectManager.php(73): Magento\Framework\ObjectManager\Factory\Dynamic\Developer->create()
#28 /home/mohammed/Scandiweb_Test/vendor/magento/framework/ObjectManager/Factory/AbstractFactory.php(170): Magento\Framework\ObjectManager\ObjectManager->get()
#29 /home/mohammed/Scandiweb_Test/vendor/magento/framework/ObjectManager/Factory/AbstractFactory.php(276): Magento\Framework\ObjectManager\Factory\AbstractFactory->resolveArgument()
#30 /home/mohammed/Scandiweb_Test/vendor/magento/framework/ObjectManager/Factory/AbstractFactory.php(239): Magento\Framework\ObjectManager\Factory\AbstractFactory->getResolvedArgument()
#31 /home/mohammed/Scandiweb_Test/vendor/magento/framework/ObjectManager/Factory/Dynamic/Developer.php(34): Magento\Framework\ObjectManager\Factory\AbstractFactory->resolveArgumentsInRuntime()
#32 /home/mohammed/Scandiweb_Test/vendor/magento/framework/ObjectManager/Factory/Dynamic/Developer.php(59): Magento\Framework\ObjectManager\Factory\Dynamic\Developer->_resolveArguments()
#33 /home/mohammed/Scandiweb_Test/vendor/magento/framework/ObjectManager/ObjectManager.php(73): Magento\Framework\ObjectManager\Factory\Dynamic\Developer->create()
#34 /home/mohammed/Scandiweb_Test/vendor/magento/framework/ObjectManager/Factory/AbstractFactory.php(170): Magento\Framework\ObjectManager\ObjectManager->get()
#35 /home/mohammed/Scandiweb_Test/vendor/magento/framework/ObjectManager/Factory/AbstractFactory.php(276): Magento\Framework\ObjectManager\Factory\AbstractFactory->resolveArgument()
#36 /home/mohammed/Scandiweb_Test/vendor/magento/framework/ObjectManager/Factory/AbstractFactory.php(239): Magento\Framework\ObjectManager\Factory\AbstractFactory->getResolvedArgument()
#37 /home/mohammed/Scandiweb_Test/vendor/magento/framework/ObjectManager/Factory/Dynamic/Developer.php(34): Magento\Framework\ObjectManager\Factory\AbstractFactory->resolveArgumentsInRuntime()
#38 /home/mohammed/Scandiweb_Test/vendor/magento/framework/ObjectManager/Factory/Dynamic/Developer.php(59): Magento\Framework\ObjectManager\Factory\Dynamic\Developer->_resolveArguments()
#39 /home/mohammed/Scandiweb_Test/vendor/magento/framework/ObjectManager/ObjectManager.php(73): Magento\Framework\ObjectManager\Factory\Dynamic\Developer->create()
#40 /home/mohammed/Scandiweb_Test/vendor/magento/framework/Interception/PluginList/PluginList.php(173): Magento\Framework\ObjectManager\ObjectManager->get()
#41 /home/mohammed/Scandiweb_Test/vendor/magento/framework/Interception/Interceptor.php(144): Magento\Framework\Interception\PluginList\PluginList->getPlugin()
#42 /home/mohammed/Scandiweb_Test/vendor/magento/framework/Interception/Interceptor.php(153): Magento\Framework\App\MaintenanceMode\Interceptor->Magento\Framework\Interception\{closure}()
#43 /home/mohammed/Scandiweb_Test/generated/code/Magento/Framework/App/MaintenanceMode/Interceptor.php(32): Magento\Framework\App\MaintenanceMode\Interceptor->___callPlugins()
#44 /home/mohammed/Scandiweb_Test/setup/src/Magento/Setup/Model/Installer.php(1542): Magento\Framework\App\MaintenanceMode\Interceptor->set()
#45 [internal function]: Magento\Setup\Model\Installer->setMaintenanceMode()
#46 /home/mohammed/Scandiweb_Test/setup/src/Magento/Setup/Model/Installer.php(422): call_user_func_array()
#47 /home/mohammed/Scandiweb_Test/setup/src/Magento/Setup/Console/Command/InstallCommand.php(239): Magento\Setup\Model\Installer->install()
#48 /home/mohammed/Scandiweb_Test/vendor/symfony/console/Command/Command.php(326): Magento\Setup\Console\Command\InstallCommand->execute()
#49 /home/mohammed/Scandiweb_Test/vendor/symfony/console/Application.php(1078): Symfony\Component\Console\Command\Command->run()
#50 /home/mohammed/Scandiweb_Test/vendor/symfony/console/Application.php(324): Symfony\Component\Console\Application->doRunCommand()
#51 /home/mohammed/Scandiweb_Test/vendor/magento/framework/Console/Cli.php(122): Symfony\Component\Console\Application->doRun()
#52 /home/mohammed/Scandiweb_Test/vendor/symfony/console/Application.php(175): Magento\Framework\Console\Cli->doRun()
#53 /home/mohammed/Scandiweb_Test/bin/magento(23): Symfony\Component\Console\Application->run()
#54 {main} [] []
[2025-09-16T06:27:53.893045+00:00] main.INFO: Source table payment_services_order_status_data_production_submitted_hash does not exist. Skipping data migration... [] []
[2025-09-16T06:31:02.202209+00:00] main.INFO: Broken reference: the 'catalog.compare.sidebar' element cannot be added as child to 'sidebar.additional', because the latter doesn't exist [] []
[2025-09-16T06:31:02.202454+00:00] main.INFO: Broken reference: the 'catalog.compare.sidebar' element cannot be added as child to 'sidebar.additional', because the latter doesn't exist [] []
[2025-09-16T06:31:02.203251+00:00] main.INFO: Broken reference: the 'sale.reorder.sidebar' element cannot be added as child to 'sidebar.additional', because the latter doesn't exist [] []
[2025-09-16T06:31:02.203539+00:00] main.INFO: Broken reference: the 'sale.reorder.sidebar' element cannot be added as child to 'sidebar.additional', because the latter doesn't exist [] []
[2025-09-16T06:31:02.203674+00:00] main.INFO: Broken reference: the 'wishlist_sidebar' element cannot be added as child to 'sidebar.additional', because the latter doesn't exist [] []
[2025-09-16T06:31:02.203905+00:00] main.INFO: Broken reference: the 'paypal.partner.right.logo' element cannot be added as child to 'sidebar.additional', because the latter doesn't exist [] []
[2025-09-16T06:31:02.203992+00:00] main.INFO: Broken reference: the 'wishlist_sidebar' element cannot be added as child to 'sidebar.additional', because the latter doesn't exist [] []
[2025-09-16T06:31:02.204079+00:00] main.INFO: Broken reference: the 'bml.right.logo' element cannot be added as child to 'sidebar.additional', because the latter doesn't exist [] []
[2025-09-16T06:31:02.204246+00:00] main.INFO: Broken reference: the 'sidebar.container.paylater' element cannot be added as child to 'sidebar.additional', because the latter doesn't exist [] []
[2025-09-16T06:31:02.204378+00:00] main.INFO: Broken reference: the 'paypal.partner.right.logo' element cannot be added as child to 'sidebar.additional', because the latter doesn't exist [] []
[2025-09-16T06:31:02.204672+00:00] main.INFO: Broken reference: the 'bml.right.logo' element cannot be added as child to 'sidebar.additional', because the latter doesn't exist [] []
[2025-09-16T06:31:02.204979+00:00] main.INFO: Broken reference: the 'sidebar.container.paylater' element cannot be added as child to 'sidebar.additional', because the latter doesn't exist [] []
[2025-09-16T06:31:02.743046+00:00] main.ERROR: Braintree\Configuration::merchantId needs to be set (or accessToken needs to be passed to Braintree\Gateway). [] []
[2025-09-16T06:31:02.743060+00:00] main.ERROR: Braintree\Configuration::merchantId needs to be set (or accessToken needs to be passed to Braintree\Gateway). [] []
[2025-09-16T06:35:59.516300+00:00] main.INFO: Broken reference: the 'catalog.compare.sidebar' element cannot be added as child to 'sidebar.additional', because the latter doesn't exist [] []
[2025-09-16T06:35:59.517327+00:00] main.INFO: Broken reference: the 'sale.reorder.sidebar' element cannot be added as child to 'sidebar.additional', because the latter doesn't exist [] []
[2025-09-16T06:35:59.517847+00:00] main.INFO: Broken reference: the 'wishlist_sidebar' element cannot be added as child to 'sidebar.additional', because the latter doesn't exist [] []
[2025-09-16T06:35:59.518082+00:00] main.INFO: Broken reference: the 'paypal.partner.right.logo' element cannot be added as child to 'sidebar.additional', because the latter doesn't exist [] []
[2025-09-16T06:35:59.518257+00:00] main.INFO: Broken reference: the 'bml.right.logo' element cannot be added as child to 'sidebar.additional', because the latter doesn't exist [] []
[2025-09-16T06:35:59.518423+00:00] main.INFO: Broken reference: the 'sidebar.container.paylater' element cannot be added as child to 'sidebar.additional', because the latter doesn't exist [] []
[2025-09-16T06:36:00.126977+00:00] main.ERROR: Braintree\Configuration::merchantId needs to be set (or accessToken needs to be passed to Braintree\Gateway). [] []
[2025-09-16T06:36:03.332567+00:00] main.INFO: Broken reference: the 'tracking' element cannot be added as child to 'header', because the latter doesn't exist [] []
[2025-09-16T06:36:03.333140+00:00] main.INFO: Broken reference: the 'notification_area' element cannot be added as child to 'notifications', because the latter doesn't exist [] []
[2025-09-16T06:36:03.333325+00:00] main.INFO: Broken reference: the 'unread_system_messages' element cannot be added as child to 'notifications', because the latter doesn't exist [] []
[2025-09-16T06:36:03.333492+00:00] main.INFO: Broken reference: the 'notification_window' element cannot be added as child to 'notifications', because the latter doesn't exist [] []
[2025-09-16T06:36:03.333698+00:00] main.INFO: Broken reference: the 'notification.messages' element cannot be added as child to 'header', because the latter doesn't exist [] []
[2025-09-16T06:36:03.333877+00:00] main.INFO: Broken reference: the 'global_notices' element cannot be added as child to 'global.notices', because the latter doesn't exist [] []
[2025-09-16T06:36:03.334045+00:00] main.INFO: Broken reference: the 'logo' element cannot be added as child to 'header', because the latter doesn't exist [] []
[2025-09-16T06:36:03.334235+00:00] main.INFO: Broken reference: the 'global.search' element cannot be added as child to 'header', because the latter doesn't exist [] []
[2025-09-16T06:36:03.334400+00:00] main.INFO: Broken reference: the 'user' element cannot be added as child to 'header', because the latter doesn't exist [] []
[2025-09-16T06:36:03.334606+00:00] main.INFO: Broken reference: the 'menu' element cannot be added as child to 'page.menu', because the latter doesn't exist [] []
[2025-09-16T06:36:03.334768+00:00] main.INFO: Broken reference: the 'breadcrumbs' element cannot be added as child to 'page.breadcrumbs', because the latter doesn't exist [] []
[2025-09-16T06:36:03.334930+00:00] main.INFO: Broken reference: the 'formkey' element cannot be added as child to 'page.formkey', because the latter doesn't exist [] []
[2025-09-16T06:36:03.335122+00:00] main.INFO: Broken reference: the 'page.title' element cannot be added as child to 'main.top', because the latter doesn't exist [] []
[2025-09-16T06:36:03.335286+00:00] main.INFO: Broken reference: the 'messages' element cannot be added as child to 'page.messages', because the latter doesn't exist [] []
[2025-09-16T06:36:03.335499+00:00] main.INFO: Broken reference: the 'page.actions.toolbar' element cannot be added as child to 'page.main.actions', because the latter doesn't exist [] []
[2025-09-16T06:36:03.335717+00:00] main.INFO: Broken reference: the 'legal' element cannot be added as child to 'footer', because the latter doesn't exist [] []
[2025-09-16T06:36:03.336042+00:00] main.INFO: Broken reference: the 'header.inner.left' element cannot be added as child to 'header', because the latter doesn't exist [] []
[2025-09-16T06:36:03.336279+00:00] main.INFO: Broken reference: the 'header.inner.right' element cannot be added as child to 'header', because the latter doesn't exist [] []
[2025-09-16T06:36:03.336565+00:00] main.INFO: Broken reference: the 'user' tries to reorder itself towards '', but their parents are different: 'header' and '' respectively. [] []
[2025-09-16T06:36:03.336742+00:00] main.INFO: Broken reference: the 'notification.messages' tries to reorder itself towards 'user', but their parents are different: 'header' and '' respectively. [] []
[2025-09-16T06:36:03.336901+00:00] main.INFO: Broken reference: the 'logo' tries to reorder itself towards '', but their parents are different: 'header' and '' respectively. [] []
[2025-09-16T06:36:03.337059+00:00] main.INFO: Broken reference: the 'global.search' tries to reorder itself towards 'logo', but their parents are different: 'header' and '' respectively. [] []
[2025-09-16T06:36:03.337217+00:00] main.INFO: Broken reference: the 'page.actions.toolbar' tries to reorder itself towards '', but their parents are different: 'page.main.actions' and '' respectively. [] []
[2025-09-16T06:36:03.337419+00:00] main.INFO: Broken reference: the 'header.inner.left' tries to reorder itself towards '', but their parents are different: 'header' and '' respectively. [] []
[2025-09-16T06:36:03.337600+00:00] main.INFO: Broken reference: the 'header.inner.right' tries to reorder itself towards 'header.inner.left', but their parents are different: 'header' and '' respectively. [] []
[2025-09-16T06:36:03.337777+00:00] main.INFO: Broken reference: the 'notification.messages' tries to reorder itself towards 'user', but their parents are different: 'header.inner.right' and '' respectively. [] []
[2025-09-16T06:38:23.634688+00:00] main.INFO: Broken reference: the 'tracking' element cannot be added as child to 'header', because the latter doesn't exist [] []
[2025-09-16T06:38:23.635128+00:00] main.INFO: Broken reference: the 'notification_area' element cannot be added as child to 'notifications', because the latter doesn't exist [] []
[2025-09-16T06:38:23.635283+00:00] main.INFO: Broken reference: the 'unread_system_messages' element cannot be added as child to 'notifications', because the latter doesn't exist [] []
[2025-09-16T06:38:23.635426+00:00] main.INFO: Broken reference: the 'notification_window' element cannot be added as child to 'notifications', because the latter doesn't exist [] []
[2025-09-16T06:38:23.635604+00:00] main.INFO: Broken reference: the 'notification.messages' element cannot be added as child to 'header', because the latter doesn't exist [] []
[2025-09-16T06:38:23.635764+00:00] main.INFO: Broken reference: the 'global_notices' element cannot be added as child to 'global.notices', because the latter doesn't exist [] []
[2025-09-16T06:38:23.635897+00:00] main.INFO: Broken reference: the 'logo' element cannot be added as child to 'header', because the latter doesn't exist [] []
[2025-09-16T06:38:23.636030+00:00] main.INFO: Broken reference: the 'global.search' element cannot be added as child to 'header', because the latter doesn't exist [] []
[2025-09-16T06:38:23.636161+00:00] main.INFO: Broken reference: the 'user' element cannot be added as child to 'header', because the latter doesn't exist [] []
[2025-09-16T06:38:23.636292+00:00] main.INFO: Broken reference: the 'menu' element cannot be added as child to 'page.menu', because the latter doesn't exist [] []
[2025-09-16T06:38:23.636424+00:00] main.INFO: Broken reference: the 'breadcrumbs' element cannot be added as child to 'page.breadcrumbs', because the latter doesn't exist [] []
[2025-09-16T06:38:23.636567+00:00] main.INFO: Broken reference: the 'formkey' element cannot be added as child to 'page.formkey', because the latter doesn't exist [] []
[2025-09-16T06:38:23.636696+00:00] main.INFO: Broken reference: the 'page.title' element cannot be added as child to 'main.top', because the latter doesn't exist [] []
[2025-09-16T06:38:23.636824+00:00] main.INFO: Broken reference: the 'messages' element cannot be added as child to 'page.messages', because the latter doesn't exist [] []
[2025-09-16T06:38:23.636953+00:00] main.INFO: Broken reference: the 'page.actions.toolbar' element cannot be added as child to 'page.main.actions', because the latter doesn't exist [] []
[2025-09-16T06:38:23.637083+00:00] main.INFO: Broken reference: the 'legal' element cannot be added as child to 'footer', because the latter doesn't exist [] []
[2025-09-16T06:38:23.637310+00:00] main.INFO: Broken reference: the 'header.inner.left' element cannot be added as child to 'header', because the latter doesn't exist [] []
[2025-09-16T06:38:23.637447+00:00] main.INFO: Broken reference: the 'header.inner.right' element cannot be added as child to 'header', because the latter doesn't exist [] []
[2025-09-16T06:38:23.637658+00:00] main.INFO: Broken reference: the 'user' tries to reorder itself towards '', but their parents are different: 'header' and '' respectively. [] []
[2025-09-16T06:38:23.637798+00:00] main.INFO: Broken reference: the 'notification.messages' tries to reorder itself towards 'user', but their parents are different: 'header' and '' respectively. [] []
[2025-09-16T06:38:23.637989+00:00] main.INFO: Broken reference: the 'logo' tries to reorder itself towards '', but their parents are different: 'header' and '' respectively. [] []
[2025-09-16T06:38:23.638160+00:00] main.INFO: Broken reference: the 'global.search' tries to reorder itself towards 'logo', but their parents are different: 'header' and '' respectively. [] []
[2025-09-16T06:38:23.638307+00:00] main.INFO: Broken reference: the 'page.actions.toolbar' tries to reorder itself towards '', but their parents are different: 'page.main.actions' and '' respectively. [] []
[2025-09-16T06:38:23.638499+00:00] main.INFO: Broken reference: the 'header.inner.left' tries to reorder itself towards '', but their parents are different: 'header' and '' respectively. [] []
[2025-09-16T06:38:23.638658+00:00] main.INFO: Broken reference: the 'header.inner.right' tries to reorder itself towards 'header.inner.left', but their parents are different: 'header' and '' respectively. [] []
[2025-09-16T06:38:23.638820+00:00] main.INFO: Broken reference: the 'notification.messages' tries to reorder itself towards 'user', but their parents are different: 'header.inner.right' and '' respectively. [] []
[2025-09-16T06:38:34.123088+00:00] main.INFO: Broken reference: the 'tracking' element cannot be added as child to 'header', because the latter doesn't exist [] []
[2025-09-16T06:38:34.123646+00:00] main.INFO: Broken reference: the 'notification_area' element cannot be added as child to 'notifications', because the latter doesn't exist [] []
[2025-09-16T06:38:34.123849+00:00] main.INFO: Broken reference: the 'unread_system_messages' element cannot be added as child to 'notifications', because the latter doesn't exist [] []
[2025-09-16T06:38:34.124023+00:00] main.INFO: Broken reference: the 'notification_window' element cannot be added as child to 'notifications', because the latter doesn't exist [] []
[2025-09-16T06:38:34.124167+00:00] main.INFO: Broken reference: the 'notification.messages' element cannot be added as child to 'header', because the latter doesn't exist [] []
[2025-09-16T06:38:34.124303+00:00] main.INFO: Broken reference: the 'global_notices' element cannot be added as child to 'global.notices', because the latter doesn't exist [] []
[2025-09-16T06:38:34.124434+00:00] main.INFO: Broken reference: the 'logo' element cannot be added as child to 'header', because the latter doesn't exist [] []
[2025-09-16T06:38:34.124587+00:00] main.INFO: Broken reference: the 'global.search' element cannot be added as child to 'header', because the latter doesn't exist [] []
[2025-09-16T06:38:34.124717+00:00] main.INFO: Broken reference: the 'user' element cannot be added as child to 'header', because the latter doesn't exist [] []
[2025-09-16T06:38:34.124843+00:00] main.INFO: Broken reference: the 'menu' element cannot be added as child to 'page.menu', because the latter doesn't exist [] []
[2025-09-16T06:38:34.124968+00:00] main.INFO: Broken reference: the 'breadcrumbs' element cannot be added as child to 'page.breadcrumbs', because the latter doesn't exist [] []
[2025-09-16T06:38:34.125089+00:00] main.INFO: Broken reference: the 'formkey' element cannot be added as child to 'page.formkey', because the latter doesn't exist [] []
[2025-09-16T06:38:34.125215+00:00] main.INFO: Broken reference: the 'page.title' element cannot be added as child to 'main.top', because the latter doesn't exist [] []
[2025-09-16T06:38:34.125337+00:00] main.INFO: Broken reference: the 'messages' element cannot be added as child to 'page.messages', because the latter doesn't exist [] []
[2025-09-16T06:38:34.125462+00:00] main.INFO: Broken reference: the 'page.actions.toolbar' element cannot be added as child to 'page.main.actions', because the latter doesn't exist [] []
[2025-09-16T06:38:34.125607+00:00] main.INFO: Broken reference: the 'legal' element cannot be added as child to 'footer', because the latter doesn't exist [] []
[2025-09-16T06:38:34.125828+00:00] main.INFO: Broken reference: the 'header.inner.left' element cannot be added as child to 'header', because the latter doesn't exist [] []
[2025-09-16T06:38:34.125962+00:00] main.INFO: Broken reference: the 'header.inner.right' element cannot be added as child to 'header', because the latter doesn't exist [] []
[2025-09-16T06:38:34.126150+00:00] main.INFO: Broken reference: the 'user' tries to reorder itself towards '', but their parents are different: 'header' and '' respectively. [] []
[2025-09-16T06:38:34.126283+00:00] main.INFO: Broken reference: the 'notification.messages' tries to reorder itself towards 'user', but their parents are different: 'header' and '' respectively. [] []
[2025-09-16T06:38:34.126437+00:00] main.INFO: Broken reference: the 'logo' tries to reorder itself towards '', but their parents are different: 'header' and '' respectively. [] []
[2025-09-16T06:38:34.126622+00:00] main.INFO: Broken reference: the 'global.search' tries to reorder itself towards 'logo', but their parents are different: 'header' and '' respectively. [] []
[2025-09-16T06:38:34.126756+00:00] main.INFO: Broken reference: the 'page.actions.toolbar' tries to reorder itself towards '', but their parents are different: 'page.main.actions' and '' respectively. [] []
[2025-09-16T06:38:34.126918+00:00] main.INFO: Broken reference: the 'header.inner.left' tries to reorder itself towards '', but their parents are different: 'header' and '' respectively. [] []
[2025-09-16T06:38:34.127069+00:00] main.INFO: Broken reference: the 'header.inner.right' tries to reorder itself towards 'header.inner.left', but their parents are different: 'header' and '' respectively. [] []
[2025-09-16T06:38:34.127224+00:00] main.INFO: Broken reference: the 'notification.messages' tries to reorder itself towards 'user', but their parents are different: 'header.inner.right' and '' respectively. [] []
[2025-09-16T06:39:57.887860+00:00] main.INFO: Broken reference: the 'tracking' element cannot be added as child to 'header', because the latter doesn't exist [] []
[2025-09-16T06:39:57.888446+00:00] main.INFO: Broken reference: the 'notification_area' element cannot be added as child to 'notifications', because the latter doesn't exist [] []
[2025-09-16T06:39:57.888687+00:00] main.INFO: Broken reference: the 'unread_system_messages' element cannot be added as child to 'notifications', because the latter doesn't exist [] []
[2025-09-16T06:39:57.888840+00:00] main.INFO: Broken reference: the 'notification_window' element cannot be added as child to 'notifications', because the latter doesn't exist [] []
[2025-09-16T06:39:57.888973+00:00] main.INFO: Broken reference: the 'notification.messages' element cannot be added as child to 'header', because the latter doesn't exist [] []
[2025-09-16T06:39:57.889113+00:00] main.INFO: Broken reference: the 'global_notices' element cannot be added as child to 'global.notices', because the latter doesn't exist [] []
[2025-09-16T06:39:57.889246+00:00] main.INFO: Broken reference: the 'logo' element cannot be added as child to 'header', because the latter doesn't exist [] []
[2025-09-16T06:39:57.889377+00:00] main.INFO: Broken reference: the 'global.search' element cannot be added as child to 'header', because the latter doesn't exist [] []
[2025-09-16T06:39:57.889521+00:00] main.INFO: Broken reference: the 'user' element cannot be added as child to 'header', because the latter doesn't exist [] []
[2025-09-16T06:39:57.889653+00:00] main.INFO: Broken reference: the 'menu' element cannot be added as child to 'page.menu', because the latter doesn't exist [] []
[2025-09-16T06:39:57.889783+00:00] main.INFO: Broken reference: the 'breadcrumbs' element cannot be added as child to 'page.breadcrumbs', because the latter doesn't exist [] []
[2025-09-16T06:39:57.889911+00:00] main.INFO: Broken reference: the 'formkey' element cannot be added as child to 'page.formkey', because the latter doesn't exist [] []
[2025-09-16T06:39:57.890039+00:00] main.INFO: Broken reference: the 'page.title' element cannot be added as child to 'main.top', because the latter doesn't exist [] []
[2025-09-16T06:39:57.890166+00:00] main.INFO: Broken reference: the 'messages' element cannot be added as child to 'page.messages', because the latter doesn't exist [] []
[2025-09-16T06:39:57.890293+00:00] main.INFO: Broken reference: the 'page.actions.toolbar' element cannot be added as child to 'page.main.actions', because the latter doesn't exist [] []
[2025-09-16T06:39:57.890421+00:00] main.INFO: Broken reference: the 'legal' element cannot be added as child to 'footer', because the latter doesn't exist [] []
[2025-09-16T06:39:57.890847+00:00] main.INFO: Broken reference: the 'header.inner.left' element cannot be added as child to 'header', because the latter doesn't exist [] []
[2025-09-16T06:39:57.890983+00:00] main.INFO: Broken reference: the 'header.inner.right' element cannot be added as child to 'header', because the latter doesn't exist [] []
[2025-09-16T06:39:57.891161+00:00] main.INFO: Broken reference: the 'user' tries to reorder itself towards '', but their parents are different: 'header' and '' respectively. [] []
[2025-09-16T06:39:57.891289+00:00] main.INFO: Broken reference: the 'notification.messages' tries to reorder itself towards 'user', but their parents are different: 'header' and '' respectively. [] []
[2025-09-16T06:39:57.891411+00:00] main.INFO: Broken reference: the 'logo' tries to reorder itself towards '', but their parents are different: 'header' and '' respectively. [] []
[2025-09-16T06:39:57.891569+00:00] main.INFO: Broken reference: the 'global.search' tries to reorder itself towards 'logo', but their parents are different: 'header' and '' respectively. [] []
[2025-09-16T06:39:57.891723+00:00] main.INFO: Broken reference: the 'page.actions.toolbar' tries to reorder itself towards '', but their parents are different: 'page.main.actions' and '' respectively. [] []
[2025-09-16T06:39:57.891876+00:00] main.INFO: Broken reference: the 'header.inner.left' tries to reorder itself towards '', but their parents are different: 'header' and '' respectively. [] []
[2025-09-16T06:39:57.891998+00:00] main.INFO: Broken reference: the 'header.inner.right' tries to reorder itself towards 'header.inner.left', but their parents are different: 'header' and '' respectively. [] []
[2025-09-16T06:39:57.892129+00:00] main.INFO: Broken reference: the 'notification.messages' tries to reorder itself towards 'user', but their parents are different: 'header.inner.right' and '' respectively. [] []
[2025-09-16T06:41:47.028755+00:00] main.INFO: Broken reference: the 'catalog.compare.sidebar' element cannot be added as child to 'sidebar.additional', because the latter doesn't exist [] []
[2025-09-16T06:41:47.030386+00:00] main.INFO: Broken reference: the 'sale.reorder.sidebar' element cannot be added as child to 'sidebar.additional', because the latter doesn't exist [] []
[2025-09-16T06:41:47.030852+00:00] main.INFO: Broken reference: the 'wishlist_sidebar' element cannot be added as child to 'sidebar.additional', because the latter doesn't exist [] []
[2025-09-16T06:41:47.031054+00:00] main.INFO: Broken reference: the 'paypal.partner.right.logo' element cannot be added as child to 'sidebar.additional', because the latter doesn't exist [] []
[2025-09-16T06:41:47.031208+00:00] main.INFO: Broken reference: the 'bml.right.logo' element cannot be added as child to 'sidebar.additional', because the latter doesn't exist [] []
[2025-09-16T06:41:47.031356+00:00] main.INFO: Broken reference: the 'sidebar.container.paylater' element cannot be added as child to 'sidebar.additional', because the latter doesn't exist [] []
[2025-09-16T06:41:47.488794+00:00] main.ERROR: Braintree\Configuration::merchantId needs to be set (or accessToken needs to be passed to Braintree\Gateway). [] []
[2025-09-16T06:42:05.704277+00:00] main.INFO: Broken reference: the 'tracking' element cannot be added as child to 'header', because the latter doesn't exist [] []
[2025-09-16T06:42:05.705010+00:00] main.INFO: Broken reference: the 'notification_area' element cannot be added as child to 'notifications', because the latter doesn't exist [] []
[2025-09-16T06:42:05.705208+00:00] main.INFO: Broken reference: the 'unread_system_messages' element cannot be added as child to 'notifications', because the latter doesn't exist [] []
[2025-09-16T06:42:05.705375+00:00] main.INFO: Broken reference: the 'notification_window' element cannot be added as child to 'notifications', because the latter doesn't exist [] []
[2025-09-16T06:42:05.705606+00:00] main.INFO: Broken reference: the 'notification.messages' element cannot be added as child to 'header', because the latter doesn't exist [] []
[2025-09-16T06:42:05.705855+00:00] main.INFO: Broken reference: the 'global_notices' element cannot be added as child to 'global.notices', because the latter doesn't exist [] []
[2025-09-16T06:42:05.706067+00:00] main.INFO: Broken reference: the 'logo' element cannot be added as child to 'header', because the latter doesn't exist [] []
[2025-09-16T06:42:05.706281+00:00] main.INFO: Broken reference: the 'global.search' element cannot be added as child to 'header', because the latter doesn't exist [] []
[2025-09-16T06:42:05.706449+00:00] main.INFO: Broken reference: the 'user' element cannot be added as child to 'header', because the latter doesn't exist [] []
[2025-09-16T06:42:05.706637+00:00] main.INFO: Broken reference: the 'menu' element cannot be added as child to 'page.menu', because the latter doesn't exist [] []
[2025-09-16T06:42:05.706822+00:00] main.INFO: Broken reference: the 'breadcrumbs' element cannot be added as child to 'page.breadcrumbs', because the latter doesn't exist [] []
[2025-09-16T06:42:05.706977+00:00] main.INFO: Broken reference: the 'formkey' element cannot be added as child to 'page.formkey', because the latter doesn't exist [] []
[2025-09-16T06:42:05.707144+00:00] main.INFO: Broken reference: the 'page.title' element cannot be added as child to 'main.top', because the latter doesn't exist [] []
[2025-09-16T06:42:05.707298+00:00] main.INFO: Broken reference: the 'messages' element cannot be added as child to 'page.messages', because the latter doesn't exist [] []
[2025-09-16T06:42:05.707448+00:00] main.INFO: Broken reference: the 'page.actions.toolbar' element cannot be added as child to 'page.main.actions', because the latter doesn't exist [] []
[2025-09-16T06:42:05.707620+00:00] main.INFO: Broken reference: the 'legal' element cannot be added as child to 'footer', because the latter doesn't exist [] []
[2025-09-16T06:42:05.707888+00:00] main.INFO: Broken reference: the 'header.inner.left' element cannot be added as child to 'header', because the latter doesn't exist [] []
[2025-09-16T06:42:05.708050+00:00] main.INFO: Broken reference: the 'header.inner.right' element cannot be added as child to 'header', because the latter doesn't exist [] []
[2025-09-16T06:42:05.708268+00:00] main.INFO: Broken reference: the 'user' tries to reorder itself towards '', but their parents are different: 'header' and '' respectively. [] []
[2025-09-16T06:42:05.708428+00:00] main.INFO: Broken reference: the 'notification.messages' tries to reorder itself towards 'user', but their parents are different: 'header' and '' respectively. [] []
[2025-09-16T06:42:05.708601+00:00] main.INFO: Broken reference: the 'logo' tries to reorder itself towards '', but their parents are different: 'header' and '' respectively. [] []
[2025-09-16T06:42:05.708751+00:00] main.INFO: Broken reference: the 'global.search' tries to reorder itself towards 'logo', but their parents are different: 'header' and '' respectively. [] []
[2025-09-16T06:42:05.708900+00:00] main.INFO: Broken reference: the 'page.actions.toolbar' tries to reorder itself towards '', but their parents are different: 'page.main.actions' and '' respectively. [] []
[2025-09-16T06:42:05.709093+00:00] main.INFO: Broken reference: the 'header.inner.left' tries to reorder itself towards '', but their parents are different: 'header' and '' respectively. [] []
[2025-09-16T06:42:05.709249+00:00] main.INFO: Broken reference: the 'header.inner.right' tries to reorder itself towards 'header.inner.left', but their parents are different: 'header' and '' respectively. [] []
[2025-09-16T06:42:05.709416+00:00] main.INFO: Broken reference: the 'notification.messages' tries to reorder itself towards 'user', but their parents are different: 'header.inner.right' and '' respectively. [] []
[2025-09-16T06:42:31.587821+00:00] main.INFO: Broken reference: the 'tracking' element cannot be added as child to 'header', because the latter doesn't exist [] []
[2025-09-16T06:42:31.588397+00:00] main.INFO: Broken reference: the 'notification_area' element cannot be added as child to 'notifications', because the latter doesn't exist [] []
[2025-09-16T06:42:31.588627+00:00] main.INFO: Broken reference: the 'unread_system_messages' element cannot be added as child to 'notifications', because the latter doesn't exist [] []
[2025-09-16T06:42:31.588820+00:00] main.INFO: Broken reference: the 'notification_window' element cannot be added as child to 'notifications', because the latter doesn't exist [] []
[2025-09-16T06:42:31.589004+00:00] main.INFO: Broken reference: the 'notification.messages' element cannot be added as child to 'header', because the latter doesn't exist [] []
[2025-09-16T06:42:31.589195+00:00] main.INFO: Broken reference: the 'global_notices' element cannot be added as child to 'global.notices', because the latter doesn't exist [] []
[2025-09-16T06:42:31.589381+00:00] main.INFO: Broken reference: the 'logo' element cannot be added as child to 'header', because the latter doesn't exist [] []
[2025-09-16T06:42:31.589607+00:00] main.INFO: Broken reference: the 'global.search' element cannot be added as child to 'header', because the latter doesn't exist [] []
[2025-09-16T06:42:31.589803+00:00] main.INFO: Broken reference: the 'user' element cannot be added as child to 'header', because the latter doesn't exist [] []
[2025-09-16T06:42:31.589977+00:00] main.INFO: Broken reference: the 'menu' element cannot be added as child to 'page.menu', because the latter doesn't exist [] []
[2025-09-16T06:42:31.590152+00:00] main.INFO: Broken reference: the 'breadcrumbs' element cannot be added as child to 'page.breadcrumbs', because the latter doesn't exist [] []
[2025-09-16T06:42:31.590325+00:00] main.INFO: Broken reference: the 'formkey' element cannot be added as child to 'page.formkey', because the latter doesn't exist [] []
[2025-09-16T06:42:31.590499+00:00] main.INFO: Broken reference: the 'page.title' element cannot be added as child to 'main.top', because the latter doesn't exist [] []
[2025-09-16T06:42:31.590690+00:00] main.INFO: Broken reference: the 'messages' element cannot be added as child to 'page.messages', because the latter doesn't exist [] []
[2025-09-16T06:42:31.590861+00:00] main.INFO: Broken reference: the 'page.actions.toolbar' element cannot be added as child to 'page.main.actions', because the latter doesn't exist [] []
[2025-09-16T06:42:31.591034+00:00] main.INFO: Broken reference: the 'legal' element cannot be added as child to 'footer', because the latter doesn't exist [] []
[2025-09-16T06:42:31.591312+00:00] main.INFO: Broken reference: the 'header.inner.left' element cannot be added as child to 'header', because the latter doesn't exist [] []
[2025-09-16T06:42:31.591486+00:00] main.INFO: Broken reference: the 'header.inner.right' element cannot be added as child to 'header', because the latter doesn't exist [] []
[2025-09-16T06:42:31.591893+00:00] main.INFO: Broken reference: the 'user' tries to reorder itself towards '', but their parents are different: 'header' and '' respectively. [] []
[2025-09-16T06:42:31.592064+00:00] main.INFO: Broken reference: the 'notification.messages' tries to reorder itself towards 'user', but their parents are different: 'header' and '' respectively. [] []
[2025-09-16T06:42:31.592239+00:00] main.INFO: Broken reference: the 'logo' tries to reorder itself towards '', but their parents are different: 'header' and '' respectively. [] []
[2025-09-16T06:42:31.592412+00:00] main.INFO: Broken reference: the 'global.search' tries to reorder itself towards 'logo', but their parents are different: 'header' and '' respectively. [] []
[2025-09-16T06:42:31.592601+00:00] main.INFO: Broken reference: the 'page.actions.toolbar' tries to reorder itself towards '', but their parents are different: 'page.main.actions' and '' respectively. [] []
[2025-09-16T06:42:31.592820+00:00] main.INFO: Broken reference: the 'header.inner.left' tries to reorder itself towards '', but their parents are different: 'header' and '' respectively. [] []
[2025-09-16T06:42:31.592988+00:00] main.INFO: Broken reference: the 'header.inner.right' tries to reorder itself towards 'header.inner.left', but their parents are different: 'header' and '' respectively. [] []
[2025-09-16T06:42:31.593184+00:00] main.INFO: Broken reference: the 'notification.messages' tries to reorder itself towards 'user', but their parents are different: 'header.inner.right' and '' respectively. [] []
[2025-09-16T06:42:42.515956+00:00] main.INFO: Broken reference: the 'tracking' element cannot be added as child to 'header', because the latter doesn't exist [] []
[2025-09-16T06:42:42.516326+00:00] main.INFO: Broken reference: the 'notification_area' element cannot be added as child to 'notifications', because the latter doesn't exist [] []
[2025-09-16T06:42:42.516483+00:00] main.INFO: Broken reference: the 'unread_system_messages' element cannot be added as child to 'notifications', because the latter doesn't exist [] []
[2025-09-16T06:42:42.516643+00:00] main.INFO: Broken reference: the 'notification_window' element cannot be added as child to 'notifications', because the latter doesn't exist [] []
[2025-09-16T06:42:42.516802+00:00] main.INFO: Broken reference: the 'notification.messages' element cannot be added as child to 'header', because the latter doesn't exist [] []
[2025-09-16T06:42:42.516966+00:00] main.INFO: Broken reference: the 'global_notices' element cannot be added as child to 'global.notices', because the latter doesn't exist [] []
[2025-09-16T06:42:42.517123+00:00] main.INFO: Broken reference: the 'logo' element cannot be added as child to 'header', because the latter doesn't exist [] []
[2025-09-16T06:42:42.517275+00:00] main.INFO: Broken reference: the 'global.search' element cannot be added as child to 'header', because the latter doesn't exist [] []
[2025-09-16T06:42:42.517427+00:00] main.INFO: Broken reference: the 'user' element cannot be added as child to 'header', because the latter doesn't exist [] []
[2025-09-16T06:42:42.517585+00:00] main.INFO: Broken reference: the 'menu' element cannot be added as child to 'page.menu', because the latter doesn't exist [] []
[2025-09-16T06:42:42.517727+00:00] main.INFO: Broken reference: the 'breadcrumbs' element cannot be added as child to 'page.breadcrumbs', because the latter doesn't exist [] []
[2025-09-16T06:42:42.517866+00:00] main.INFO: Broken reference: the 'formkey' element cannot be added as child to 'page.formkey', because the latter doesn't exist [] []
[2025-09-16T06:42:42.518003+00:00] main.INFO: Broken reference: the 'page.title' element cannot be added as child to 'main.top', because the latter doesn't exist [] []
[2025-09-16T06:42:42.518140+00:00] main.INFO: Broken reference: the 'messages' element cannot be added as child to 'page.messages', because the latter doesn't exist [] []
[2025-09-16T06:42:42.518279+00:00] main.INFO: Broken reference: the 'page.actions.toolbar' element cannot be added as child to 'page.main.actions', because the latter doesn't exist [] []
[2025-09-16T06:42:42.518418+00:00] main.INFO: Broken reference: the 'legal' element cannot be added as child to 'footer', because the latter doesn't exist [] []
[2025-09-16T06:42:42.518678+00:00] main.INFO: Broken reference: the 'header.inner.left' element cannot be added as child to 'header', because the latter doesn't exist [] []
[2025-09-16T06:42:42.518846+00:00] main.INFO: Broken reference: the 'header.inner.right' element cannot be added as child to 'header', because the latter doesn't exist [] []
[2025-09-16T06:42:42.519116+00:00] main.INFO: Broken reference: the 'user' tries to reorder itself towards '', but their parents are different: 'header' and '' respectively. [] []
[2025-09-16T06:42:42.519264+00:00] main.INFO: Broken reference: the 'notification.messages' tries to reorder itself towards 'user', but their parents are different: 'header' and '' respectively. [] []
[2025-09-16T06:42:42.519455+00:00] main.INFO: Broken reference: the 'logo' tries to reorder itself towards '', but their parents are different: 'header' and '' respectively. [] []
[2025-09-16T06:42:42.519652+00:00] main.INFO: Broken reference: the 'global.search' tries to reorder itself towards 'logo', but their parents are different: 'header' and '' respectively. [] []
[2025-09-16T06:42:42.519857+00:00] main.INFO: Broken reference: the 'page.actions.toolbar' tries to reorder itself towards '', but their parents are different: 'page.main.actions' and '' respectively. [] []
[2025-09-16T06:42:42.520137+00:00] main.INFO: Broken reference: the 'header.inner.left' tries to reorder itself towards '', but their parents are different: 'header' and '' respectively. [] []
[2025-09-16T06:42:42.520294+00:00] main.INFO: Broken reference: the 'header.inner.right' tries to reorder itself towards 'header.inner.left', but their parents are different: 'header' and '' respectively. [] []
[2025-09-16T06:42:42.520448+00:00] main.INFO: Broken reference: the 'notification.messages' tries to reorder itself towards 'user', but their parents are different: 'header.inner.right' and '' respectively. [] []
[2025-09-16T06:42:47.850758+00:00] main.INFO: Broken reference: the 'tracking' element cannot be added as child to 'header', because the latter doesn't exist [] []
[2025-09-16T06:42:47.851298+00:00] main.INFO: Broken reference: the 'notification_area' element cannot be added as child to 'notifications', because the latter doesn't exist [] []
[2025-09-16T06:42:47.851457+00:00] main.INFO: Broken reference: the 'unread_system_messages' element cannot be added as child to 'notifications', because the latter doesn't exist [] []
[2025-09-16T06:42:47.851592+00:00] main.INFO: Broken reference: the 'notification_window' element cannot be added as child to 'notifications', because the latter doesn't exist [] []
[2025-09-16T06:42:47.851726+00:00] main.INFO: Broken reference: the 'notification.messages' element cannot be added as child to 'header', because the latter doesn't exist [] []
[2025-09-16T06:42:47.851865+00:00] main.INFO: Broken reference: the 'global_notices' element cannot be added as child to 'global.notices', because the latter doesn't exist [] []
[2025-09-16T06:42:47.851999+00:00] main.INFO: Broken reference: the 'logo' element cannot be added as child to 'header', because the latter doesn't exist [] []
[2025-09-16T06:42:47.852115+00:00] main.INFO: Broken reference: the 'global.search' element cannot be added as child to 'header', because the latter doesn't exist [] []
[2025-09-16T06:42:47.852227+00:00] main.INFO: Broken reference: the 'user' element cannot be added as child to 'header', because the latter doesn't exist [] []
[2025-09-16T06:42:47.852362+00:00] main.INFO: Broken reference: the 'menu' element cannot be added as child to 'page.menu', because the latter doesn't exist [] []
[2025-09-16T06:42:47.852477+00:00] main.INFO: Broken reference: the 'breadcrumbs' element cannot be added as child to 'page.breadcrumbs', because the latter doesn't exist [] []
[2025-09-16T06:42:47.852692+00:00] main.INFO: Broken reference: the 'formkey' element cannot be added as child to 'page.formkey', because the latter doesn't exist [] []
[2025-09-16T06:42:47.852806+00:00] main.INFO: Broken reference: the 'page.title' element cannot be added as child to 'main.top', because the latter doesn't exist [] []
[2025-09-16T06:42:47.852959+00:00] main.INFO: Broken reference: the 'messages' element cannot be added as child to 'page.messages', because the latter doesn't exist [] []
[2025-09-16T06:42:47.853128+00:00] main.INFO: Broken reference: the 'page.actions.toolbar' element cannot be added as child to 'page.main.actions', because the latter doesn't exist [] []
[2025-09-16T06:42:47.853298+00:00] main.INFO: Broken reference: the 'legal' element cannot be added as child to 'footer', because the latter doesn't exist [] []
[2025-09-16T06:42:47.853575+00:00] main.INFO: Broken reference: the 'header.inner.left' element cannot be added as child to 'header', because the latter doesn't exist [] []
[2025-09-16T06:42:47.853736+00:00] main.INFO: Broken reference: the 'header.inner.right' element cannot be added as child to 'header', because the latter doesn't exist [] []
[2025-09-16T06:42:47.853907+00:00] main.INFO: Broken reference: the 'user' tries to reorder itself towards '', but their parents are different: 'header' and '' respectively. [] []
[2025-09-16T06:42:47.854021+00:00] main.INFO: Broken reference: the 'notification.messages' tries to reorder itself towards 'user', but their parents are different: 'header' and '' respectively. [] []
[2025-09-16T06:42:47.854130+00:00] main.INFO: Broken reference: the 'logo' tries to reorder itself towards '', but their parents are different: 'header' and '' respectively. [] []
[2025-09-16T06:42:47.854237+00:00] main.INFO: Broken reference: the 'global.search' tries to reorder itself towards 'logo', but their parents are different: 'header' and '' respectively. [] []
[2025-09-16T06:42:47.854345+00:00] main.INFO: Broken reference: the 'page.actions.toolbar' tries to reorder itself towards '', but their parents are different: 'page.main.actions' and '' respectively. [] []
[2025-09-16T06:42:47.854500+00:00] main.INFO: Broken reference: the 'header.inner.left' tries to reorder itself towards '', but their parents are different: 'header' and '' respectively. [] []
[2025-09-16T06:42:47.854626+00:00] main.INFO: Broken reference: the 'header.inner.right' tries to reorder itself towards 'header.inner.left', but their parents are different: 'header' and '' respectively. [] []
[2025-09-16T06:42:47.854757+00:00] main.INFO: Broken reference: the 'notification.messages' tries to reorder itself towards 'user', but their parents are different: 'header.inner.right' and '' respectively. [] []
[2025-09-16T06:43:23.225289+00:00] main.INFO: Broken reference: the 'notification.messages' tries to reorder itself towards 'user', but their parents are different: 'header.inner.right' and 'header' respectively. [] []
[2025-09-16T06:43:35.988076+00:00] main.INFO: Broken reference: the 'notification.messages' tries to reorder itself towards 'user', but their parents are different: 'header.inner.right' and 'header' respectively. [] []
[2025-09-16T06:48:34.297640+00:00] main.INFO: Broken reference: the 'notification.messages' tries to reorder itself towards 'user', but their parents are different: 'header.inner.right' and 'header' respectively. [] []
[2025-09-16T06:50:26.705083+00:00] main.INFO: Broken reference: the 'notification.messages' tries to reorder itself towards 'user', but their parents are different: 'header.inner.right' and 'header' respectively. [] []
